,Name,NameAr,LocalizedName,BusinessType,OtherTypeName,IsPopularBusiness,TotalReviews,Rating,Id,ActiveStatus,OwnerAllowStatus,CertificationStatus
1500,VIGOIR ARABIA ,فيجور العربية ,فيجور العربية ,إلكترونيات,,False,13,1.85,113480,0,1,1
1501,Riashapp,رياش اب,رياش اب,المنزل,,False,12,1.83,79729,0,1,1
1502,Mohammed Jawad BuKhamseen for home appliances,مؤسسة محمد جواد صالح بوخمسين,مؤسسة محمد جواد صالح بوخمسين,إلكترونيات,,False,10,1.8,60202,0,1,1
1515,Key Card,كي كارد,كي كارد,إلكترونيات,منتجات رقمية,False,11,1.73,203165,0,1,1
1516,Danube Online,الدانوب أونلاين,الدانوب أونلاين,خدمات الأعمال,,False,15,1.67,91371,0,1,1
1523,zKcM,زكسم,زكسم,خدمات الأعمال,,False,31,1.58,232851,0,1,1
1526,Monh Market,تطبيق مونة,تطبيق مونة,خدمات الأعمال,,False,16,1.5,105227,0,1,1
1527,HalaYalla,هلايلا,هلايلا,حفلات,,False,16,1.5,38989,0,1,1
1528,Alkhayal AlNAJDI,متجر الخيال النجدي,متجر الخيال النجدي,ازياء,,False,10,1.5,217630,0,1,1
1542,qasralawani,قصر الأواني,قصر الأواني,خدمات الأعمال,,False,61,1.46,96843,0,1,1
1543,LAVERNE PERFUMES,لافيرن للعطور,لافيرن للعطور,الجمال والصحة,,False,20,1.45,259407,0,1,1
1544,wafi store,وافي فون,وافي فون,إلكترونيات,,False,11,1.45,161790,0,1,1
1546,BACK CARE,باك كير,باك كير,المنزل,,False,12,1.42,120421,0,1,1
1547,Sheta and Saif,الشتاء والصيف,الشتاء والصيف,إلكترونيات,,False,45,1.41,20209,0,1,1
1548,zkham,زخم,زخم,خدمات الأعمال,,False,17,1.41,217025,0,1,1
1549,AHGstore,ايه اتش جي,ايه اتش جي,خدمات الأعمال,,False,10,1.4,233055,0,1,1
1550,GOATKSA,متجر قوت السعودية,متجر قوت السعودية,خدمات الأعمال,,False,10,1.4,228086,0,1,1
1552,ALEZZOUD,العز للعود ,العز للعود ,الجمال والصحة,,False,15,1.33,250430,0,1,1
1557,SB store,متجر اس بي,متجر اس بي,إلكترونيات,العاب بلاستيشن وبي سي,False,13,1.31,115416,0,1,2
1560,IBRAHEEM ALQURASHI,إبراهيم القرشي,إبراهيم القرشي,خدمات الأعمال,,False,29,1.28,86363,0,1,1
1563,ASSAF,عساف,عساف,الجمال والصحة,بيع العود والعطور,False,47,1.21,268249,0,1,1
1568,Tplus,ت بلس,ت بلس,منتجات رقمية,منتجات رقميه ,False,18,1.11,327359,0,1,2
1569,Tajer BV for IT co Damenkom,شركة تاجر بى فى لتقنية المعلومات ضامنكم ,شركة تاجر بى فى لتقنية المعلومات ضامنكم ,خدمات الأعمال,,False,16,1.06,261635,0,1,1
1570,Uninted Homeware Company Nice,الشركة المتحدة للمستلزمات المنزلية نايس,الشركة المتحدة للمستلزمات المنزلية نايس,المنزل,,False,93,1.03,91608,0,1,1
1571,pure dokhoon,مؤسسة دخون بيور الدوسري,مؤسسة دخون بيور الدوسري,الجمال والصحة,,False,14,1.0,275330,0,1,1
1572,IN HOUSE,إن هاوس,إن هاوس,المنزل,,False,14,1.0,255902,0,1,1
1573,Leela perfume,عطور ليلا,عطور ليلا,خدمات الأعمال,,False,13,1.0,235194,0,1,1
1574,eal,أل,أل,ازياء,تصميم ازياء ,False,12,1.0,294883,0,1,2
1575,1920,1920,1920,خدمات الأعمال,,False,12,1.0,264989,0,1,2
1576,mardodsaudi,مردود السعودية,مردود السعودية,المنزل,,False,12,1.0,175119,0,1,1
1577,ALOSTORAH STORE,متجر الاسطورة,متجر الاسطورة,خدمات الأعمال,,False,10,1.0,40649,0,1,2
2501,Marwa Store,متجر مروه,متجر مروه,خدمات الأعمال,,False,88,5.0,48066,0,1,1
2502,mdesign97,تصميم دعوات الكترونية للمناسبات,تصميم دعوات الكترونية للمناسبات,خدمات الأعمال,,False,84,5.0,317663,0,1,2
2503,Muteb VIP Numbers,متعب للأرقام المميزة,متعب للأرقام المميزة,إلكترونيات,,False,59,5.0,253838,0,1,2
2504, ahmad audio systems store,متجر أحمد للأنظمة الصوتية والألكترونيات,متجر أحمد للأنظمة الصوتية والألكترونيات,إلكترونيات,,False,59,5.0,25650,0,1,1
2505,Shoptouch,متجر شوب تتش,متجر شوب تتش,خدمات الأعمال,,False,57,5.0,246531,0,1,2
2506,Enjaz Services Company,شركة إنجاز للخدمات ,شركة إنجاز للخدمات ,خدمات الأعمال,تقديم الخدمات للشركات المؤسسات ,False,54,5.0,276939,0,1,1
2507,,سما وسيطة تسوق,سما وسيطة تسوق,خدمات الأعمال,,False,53,5.0,192491,0,1,2
2508,Mahas Jewels,جواهر المها,جواهر المها,خدمات الأعمال,,False,53,5.0,60734,0,1,1
2509,Squad Games,متجر سكواد,متجر سكواد,إلكترونيات,,False,52,5.0,234021,0,1,2
2510,Rawanta Online,روانتا أونلاين,روانتا أونلاين,هدايا,,False,52,5.0,176943,0,1,1
2511,Loud Crative,لاود الإبداعية,لاود الإبداعية,خدمات الأعمال,,False,51,5.0,254654,0,1,1
2512,via flowerd,فيا فلاورد,فيا فلاورد,خدمات الأعمال,,False,50,5.0,268517,0,1,1
2513,LS STICKERS,لـ,لـ,خدمات الأعمال,,False,50,5.0,121265,0,1,2
2514,Banned PC,الحاسب المحظور,الحاسب المحظور,خدمات الأعمال,,False,49,5.0,254158,0,1,2
2515,DRANDMORE,طبيبة و أكثر,طبيبة و أكثر,الجمال والصحة,,False,48,5.0,82316,0,1,1
2516,,منسق سفريات وحجوزات طيران وفنادق,منسق سفريات وحجوزات طيران وفنادق,خدمات الأعمال,,False,44,5.0,264395,0,1,2
2517,MissDesign,مس ديزاين,مس ديزاين,خدمات الأعمال,,False,44,5.0,2093,0,1,1
2518,exceptional1,مؤسسة الرفادة المتميزة لخدمات المعتمرين,مؤسسة الرفادة المتميزة لخدمات المعتمرين,خدمات الأعمال,خدمات المعتمرين ,False,43,5.0,309992,0,1,1
2519,Sabah Store,متجر صباح,متجر صباح,خدمات الأعمال,,False,43,5.0,246476,0,1,2
2520,Lod,لـود,لـود,منتجات رقمية,نت وشحن ,False,41,5.0,317930,0,1,2
2521,inn store,اي ان ان ستور ,اي ان ان ستور ,إلكترونيات,فيبوكس و حزم,False,41,5.0,308190,0,1,2
2522,Gifiology,جيفتو لوجي,جيفتو لوجي,حفلات,,False,41,5.0,48619,0,1,2
2523,languages world,عالم اللغات,عالم اللغات,التعليم,,False,41,5.0,29890,0,1,1
2524,HM9 store,متجر اتش ام تسعة,متجر اتش ام تسعة,خدمات الأعمال,,False,40,5.0,172960,0,1,2
2525,panda makkah 1,باندا مكه 1,باندا مكه 1,خدمات الأعمال,,False,40,5.0,90138,0,1,1
2526,Glanz,جلانز,جلانز,الجمال والصحة,,False,40,5.0,5376,0,1,1
2527,Passion and Story,شغف وحكاية ,شغف وحكاية ,خدمات الأعمال,,False,37,5.0,20426,0,1,1
2528,xwarshop,متجر إكسوار,متجر إكسوار,خدمات الأعمال,,False,36,5.0,226876,0,1,2
2529,Bushra Personal shopper,بشرى متسوقه شخصية,بشرى متسوقه شخصية,خدمات الأعمال,,False,36,5.0,176451,0,1,2
2530,smartspos,متجر نقاط البيع الذكية,متجر نقاط البيع الذكية,إلكترونيات,,False,36,5.0,11986,0,1,1
2531,Charme salwamoglan,شارمي سلوى مقلان ,شارمي سلوى مقلان ,أطعمة ومشروبات,,False,34,5.0,118027,0,1,2
2532,Original Sources company ,شركة المصادر الاصلية للتجارة ,شركة المصادر الاصلية للتجارة ,العقارات,,False,34,5.0,108790,0,1,1
2533,aussieshop,اوزي شوب 2,اوزي شوب 2,خدمات الأعمال,,False,33,5.0,133060,0,1,2
2534,First Click,النقرة الأولى,النقرة الأولى,إلكترونيات,,False,33,5.0,94807,0,1,1
2535,Wasseta abooda,وسيطة عبودة,وسيطة عبودة,خدمات الأعمال,,False,33,5.0,25887,0,1,2
2536,anamlmobdiah,أنامل مبدعة هيفاء,أنامل مبدعة هيفاء,هدايا,,False,32,5.0,258682,0,1,2
2537,Taste fo dates,لذة التمر,لذة التمر,أطعمة ومشروبات,,False,32,5.0,233763,0,1,2
2538,HESSA DOLLS,صانعة للدمى و البهجة ,صانعة للدمى و البهجة ,هدايا,,False,32,5.0,169670,0,1,2
2539,Link4  Loot,لينك فور لووت,لينك فور لووت,خدمات الأعمال,,False,32,5.0,132545,0,1,1
2540,MenEla,من إلى,من إلى,خدمات الأعمال,,False,31,5.0,131087,0,1,1
2541,Alghdag,الغدق,الغدق,خدمات الأعمال,,False,31,5.0,90738,0,1,2
2542,Rahma online,رحمه وسيطة مواقع,رحمه وسيطة مواقع,الجمال والصحة,,False,31,5.0,45955,0,1,2
2543,Digital Record,ديجيتال ريكورد,ديجيتال ريكورد,خدمات الأعمال,,False,31,5.0,30069,0,1,2
2544,Tyar Stor,طيار ستور,طيار ستور,خدمات الأعمال,,False,30,5.0,274989,0,1,1
2545,The Joy Box,سلة الفرح,سلة الفرح,خدمات الأعمال,,False,30,5.0,196329,0,1,2
2546,US TAX GLOBAL SERVICE LLC,خدمات الضرائب الأمريكية في السعودية,خدمات الضرائب الأمريكية في السعودية,خدمات الأعمال,,False,30,5.0,42755,0,1,1
2547,Data2023,متجر داتا,متجر داتا,خدمات الأعمال,,False,29,5.0,308506,0,1,2
2548,asma infographic,اسماء انفوجرافيك,اسماء انفوجرافيك,خدمات الأعمال,,False,29,5.0,93768,0,1,2
2549,MIRAAT OPTICAL,مرآة للبصريات,مرآة للبصريات,الجمال والصحة,,False,29,5.0,78719,0,1,1
2550,Markaonline,ماركه اونلاين ,ماركه اونلاين ,خدمات الأعمال,,False,29,5.0,41414,0,1,2
2551,FOR LADIES, فور ليدز, فور ليدز,الجمال والصحة,,False,28,5.0,344570,0,1,1
2552,mstoreksa,م ستور,م ستور,خدمات الأعمال,,False,28,5.0,246847,0,1,2
2553,Bana Shopping,بـانـا للـتســوق,بـانـا للـتســوق,خدمات الأعمال,,False,28,5.0,79048,0,1,1
2554,Phone Solution,حلول الهاتف,حلول الهاتف,إلكترونيات,,False,27,5.0,285629,0,1,2
2555,Eimey Style,ايمي ستايل,ايمي ستايل,الجمال والصحة,,False,27,5.0,184351,0,1,2
2556,Ahmed's Wood Design,أحمد للتصاميم الخشبية,أحمد للتصاميم الخشبية,المنزل,,False,27,5.0,149776,0,1,2
2557,,أسعد أباحسين لخدمات الدراسة في الخارج,أسعد أباحسين لخدمات الدراسة في الخارج,التعليم,,False,27,5.0,132751,0,1,2
2558,Lily shopping,ليلي شوبينق,ليلي شوبينق,الجمال والصحة,,False,27,5.0,132435,0,1,2
2559,Brilliant ksa,بريلينت السعودية,بريلينت السعودية,خدمات الأعمال,,False,27,5.0,96352,0,1,2
2560,roza spa ,روزا سبا,روزا سبا,الجمال والصحة,,False,27,5.0,42461,0,1,1
2561,Pink Shopping SA,بينك شوبينق,بينك شوبينق,ازياء,,False,26,5.0,162612,0,1,2
2562,hiwhats,هاي واتساب,هاي واتساب,خدمات الأعمال,,False,26,5.0,144029,0,1,1
2563,Aseel Shop,اسيل شوب,اسيل شوب,الجمال والصحة,,False,26,5.0,118830,0,1,1
2564,AJN boutique,إيجن بوتيك,إيجن بوتيك,الجمال والصحة,,False,26,5.0,112155,0,1,1
2565,ROCHE,روشي,روشي,خدمات الأعمال,,False,26,5.0,74104,0,1,2
2566,GLUTEEN FREE BAKERY,مخبوزات فري قلوتين,مخبوزات فري قلوتين,أطعمة ومشروبات,,False,26,5.0,15379,0,1,1
2567,B J Store,ب ج,ب ج,الجمال والصحة,,False,25,5.0,304668,0,1,2
2568,4Seasons travel,شركة فور سيزونس ترافل للسفر و السياحة,شركة فور سيزونس ترافل للسفر و السياحة,خدمات الأعمال,,False,25,5.0,276622,0,1,2
2569,Sidr Store,متجر سدر ,متجر سدر ,إلكترونيات,,False,25,5.0,265095,0,1,1
2570,GD Workshop,منصة التصميم الذكية,منصة التصميم الذكية,التعليم,,False,25,5.0,95248,0,1,1
2571,Genesis KSA,جينسس السعودية,جينسس السعودية,السيارات,,False,25,5.0,51094,0,1,2
2572,Rokin Althaqafi for Translation,ركن الثقافي للترجمة,ركن الثقافي للترجمة,التعليم,,False,25,5.0,16560,0,1,1
2573,,مؤسسة مهرق للخدمات الطلابية,مؤسسة مهرق للخدمات الطلابية,التعليم,,False,24,5.0,214513,0,1,1
2574,esayfood1400,بيتفور أم الغــــلا,بيتفور أم الغــــلا,أطعمة ومشروبات,,False,24,5.0,173032,0,1,2
2575,Oudksa,عود السعودية,عود السعودية,الجمال والصحة,بيع العود ودهن العود والعطور,False,24,5.0,144007,0,1,2
2576,m3ahd com,معاهد كوم,معاهد كوم,خدمات الأعمال,,False,23,5.0,276969,0,1,2
2577, Boutique Najd,بوتيك نجد,بوتيك نجد,خدمات الأعمال,,False,23,5.0,200573,0,1,2
2578,Cooking candy Making and bakery 1,ايريس سويت,ايريس سويت,أطعمة ومشروبات,,False,23,5.0,196257,0,1,2
2579,,فال الخير,فال الخير,هدايا,,False,23,5.0,24320,0,1,1
2580,NONETATTOO,نورا تاتو,نورا تاتو,الجمال والصحة,,False,22,5.0,318101,0,1,2
2581,Basmah Shopping ,بسمة وسيطة مواقع,بسمة وسيطة مواقع,خدمات الأعمال,,False,22,5.0,262059,0,1,2
2582,La peonia,هديل وسيطة ,هديل وسيطة ,خدمات الأعمال,,False,22,5.0,226300,0,1,2
2583,,مؤسسة كراء المساكن للخدمات العقارية,مؤسسة كراء المساكن للخدمات العقارية,العقارات,,False,22,5.0,117588,0,1,1
2584,Golden Cala,قولدن كالا,قولدن كالا,الجمال والصحة,,False,22,5.0,108034,0,1,1
2585,Laura Spa,لورا سبا,لورا سبا,الجمال والصحة,,False,22,5.0,56572,0,1,2
2586,Carpet washing,غسيل السجاد,غسيل السجاد,المنزل,,False,22,5.0,51058,0,1,1
2587,qmastore,المتجر قمة,المتجر قمة,خدمات الأعمال,,False,22,5.0,25282,0,1,2
2588,SEAS PORT LOGISTICS,مؤسسة ميناء البحار للخدمات اللوجستية,مؤسسة ميناء البحار للخدمات اللوجستية,خدمات الأعمال,,False,21,5.0,212986,0,1,1
2589,GINDA,قيندا,قيندا,خدمات الأعمال,,False,21,5.0,134117,0,1,1
2590,Queen store,كوين ستور للمكياج,كوين ستور للمكياج,الجمال والصحة,,False,21,5.0,49092,0,1,1
2591,khayalacom,متجر خياله للعطورات الأصلية,متجر خياله للعطورات الأصلية,خدمات الأعمال,,False,21,5.0,40021,0,1,1
2592,Fadaa Marketing Agency,فضاء للتسويق الإلكتروني,فضاء للتسويق الإلكتروني,خدمات الأعمال,,False,20,5.0,341729,0,1,1
2593,Tak agency,مؤسسة تاك,مؤسسة تاك,خدمات الأعمال,,False,20,5.0,333441,0,1,1
2594,Shark Marketing Agency,شارك للتسويق الإلكتروني,شارك للتسويق الإلكتروني,خدمات الأعمال,,False,20,5.0,330146,0,1,1
2595,One1Million Marketing Agency,مؤسسة وان مليون للخدمات التسويقية,مؤسسة وان مليون للخدمات التسويقية,خدمات الأعمال,,False,20,5.0,327252,0,1,1
2596,SamakaStore, سمكة, سمكة,هدايا,فازات اسماك فايتر ونباتات داخلية ومائية,False,20,5.0,283152,0,1,2
2597,Managing and activating electronic sales,ادارة وتنشيط المبيعات الالكترونية,ادارة وتنشيط المبيعات الالكترونية,خدمات الأعمال,,False,20,5.0,226399,0,1,2
2598,Alharbi international company ,مؤسسة الحربي الدولية للمقاولات ,مؤسسة الحربي الدولية للمقاولات ,العقارات,,False,20,5.0,95277,0,1,1
2599,Esparoma ,اسباروما,اسباروما,خدمات الأعمال,,False,20,5.0,73167,0,1,1
2600,Laqtah,استديو لقطة,استديو لقطة,خدمات الأعمال,,False,20,5.0,64719,0,1,2
2601,butterflyshop,بترفلاي شوب ,بترفلاي شوب ,خدمات الأعمال,,False,20,5.0,60232,0,1,1
2602,DetailedPins,تفاصيل الدبابيس,تفاصيل الدبابيس,خدمات الأعمال,,False,20,5.0,56620,0,1,2
2603,wabel store,متجر وابل للأتصالات,متجر وابل للأتصالات,إلكترونيات,,False,20,5.0,54337,0,1,1
2604,LA FONTAINE,لافونتين,لافونتين,العقارات,,False,20,5.0,41648,0,1,1
2605,BEE  For Designs and Ads,تصميمات بأفضل جودة وأقل سعر,تصميمات بأفضل جودة وأقل سعر,خدمات الأعمال,,False,19,5.0,348012,0,1,2
2606,coffeeme,متجر قهوني,متجر قهوني,أطعمة ومشروبات,,False,19,5.0,339108,0,1,1
2607,Asalazhar,عسل أزهار ,عسل أزهار ,أطعمة ومشروبات,,False,19,5.0,257158,0,1,2
2608,Bhao1828,بشائر تصميم جرافيك و موشن جرافيك,بشائر تصميم جرافيك و موشن جرافيك,خدمات الأعمال,,False,19,5.0,234829,0,1,2
2609,FITME4,فيتمي,فيتمي,إلكترونيات,,False,19,5.0,202877,0,1,1
2610,Marah albarakh ,مراح البركة لبيع الأغنام,مراح البركة لبيع الأغنام,أطعمة ومشروبات,لايوجد,False,19,5.0,181228,0,1,2
2611,Noura shopping7,نوره شوبينق7,نوره شوبينق7,خدمات الأعمال,,False,19,5.0,117577,0,1,2
2612,My Pixie Dust,ماي بكسي دست,ماي بكسي دست,خدمات الأعمال,,False,19,5.0,108329,0,1,1
2613,Littleone,ليتل ون,ليتل ون,هدايا,,False,19,5.0,69756,0,1,2
2614,Noon Event,نون ايفينت  ,نون ايفينت  ,حفلات,,False,19,5.0,53662,0,1,1
2615,the unique things2,متجر الاشياء الفريده لجلالات الصلاه,متجر الاشياء الفريده لجلالات الصلاه,الجمال والصحة,,False,19,5.0,48915,0,1,2
2616,Nature Morocco,مؤسسة طبيعة أرض المغرب للتجارة,مؤسسة طبيعة أرض المغرب للتجارة,خدمات الأعمال,,False,19,5.0,42254,0,1,1
2617,,تصاميم ساره المجيول ,تصاميم ساره المجيول ,الجمال والصحة,,False,19,5.0,29833,0,1,1
2618,EASYSOLUTIONS FOR TECHNOLOGY SERVICE,مؤسسة حلول اسهل للاتصالات و تقنية المعلومات,مؤسسة حلول اسهل للاتصالات و تقنية المعلومات,خدمات الأعمال,,False,19,5.0,14822,0,1,1
2619,Shopper Leen,الوسيطة لين,الوسيطة لين,خدمات الأعمال,,False,18,5.0,271119,0,1,2
2620,DonStore,دون ستور,دون ستور,خدمات الأعمال,,False,18,5.0,228533,0,1,2
2621,Pamperyourself shop,دللي نفسك,دللي نفسك,المنزل,,False,18,5.0,176098,0,1,2
2622,topaz media,متجر توباز للهدايا,متجر توباز للهدايا,هدايا,,False,18,5.0,168082,0,1,2
2623,Gazelle Fragrance,عطر الغزال,عطر الغزال,الجمال والصحة,,False,18,5.0,165068,0,1,1
2624,Smart Eco,سمارت ايكو,سمارت ايكو,إلكترونيات,,False,18,5.0,159638,0,1,1
2625,Tamweej,تمويج,تمويج,الجمال والصحة,,False,18,5.0,115288,0,1,1
2626,alhala llgala,الحلا للغلا ,الحلا للغلا ,أطعمة ومشروبات,,False,18,5.0,84730,0,1,2
2627,RAB,ار اي بي للخدمات الالكترونية,ار اي بي للخدمات الالكترونية,خدمات الأعمال,,False,18,5.0,81143,0,1,2
2628,Fennec Fox,فنك فوكس,فنك فوكس,خدمات الأعمال,,False,18,5.0,27097,0,1,1
2629,Belongs to feelings,بيلونقز تو فيلينقز,بيلونقز تو فيلينقز,خدمات الأعمال,,False,18,5.0,26002,0,1,2
2630,,اسوم كوكيز,اسوم كوكيز,أطعمة ومشروبات,,False,18,5.0,17572,0,1,2
2631,Ejadah,إجادة,إجادة,خدمات الأعمال,,False,18,5.0,8192,0,1,2
2632,HyperCard Store,متجر هايبر كارد,متجر هايبر كارد,إلكترونيات,العاب واشتراكات رقمية,False,17,5.0,330868,0,1,2
2633,Leblenda Beauty,ليبليندا بيوتي,ليبليندا بيوتي,الجمال والصحة,,False,17,5.0,251355,0,1,1
2634,Bello tiramisu ,تيراميسو بيلو ,تيراميسو بيلو ,أطعمة ومشروبات,,False,17,5.0,235182,0,1,2
2635,Golden Coal Chocolate,شوكولاتة الفحم الذهبي,شوكولاتة الفحم الذهبي,أطعمة ومشروبات,,False,17,5.0,179788,0,1,2
2636,Rania Store,متجر رانيا للبراندات العالمية,متجر رانيا للبراندات العالمية,خدمات الأعمال,,False,17,5.0,176948,0,1,2
2637,System sources,مصادر المنظومة ,مصادر المنظومة ,التعليم,,False,17,5.0,157016,0,1,1
2638,Teacher Tahani  ,المعلمة تهاني ,المعلمة تهاني ,التعليم,,False,17,5.0,134782,0,1,1
2639,Ushop,يوشوب,يوشوب,خدمات الأعمال,,False,17,5.0,124171,0,1,1
2640,Gulf farm Establishments ,مؤسسة مزارع الخليج ,مؤسسة مزارع الخليج ,أطعمة ومشروبات,,False,17,5.0,118637,0,1,1
2641,group Beauty Point,قروبات بيوتي بوينت للدايت والرياضة,قروبات بيوتي بوينت للدايت والرياضة,الجمال والصحة,,False,17,5.0,89156,0,1,1
2642,NAD,ند,ند,خدمات الأعمال,,False,17,5.0,64840,0,1,1
2643,fofo filters ,فوفو فلترزمصممة فلاتر  سناب,فوفو فلترزمصممة فلاتر  سناب,خدمات الأعمال,,False,17,5.0,54576,0,1,2
2644,,شيلي نفسك,شيلي نفسك,الجمال والصحة,,False,17,5.0,43972,0,1,1
2645,Lucy Oud shop,متجر لاوسي للعود و دهن العود,متجر لاوسي للعود و دهن العود,خدمات الأعمال,,False,17,5.0,27063,0,1,2
2646,zfat zfaf,زفات زفاف,زفات زفاف,حفلات,,False,16,5.0,328879,0,1,2
2647,AX7 Store,متجر اي اكس سفن,متجر اي اكس سفن,إلكترونيات,العاب,False,16,5.0,322272,0,1,2
2648,Amazon Tours LLC,وكالة امازون تورز المعتمدة للسفر و السياحة ,وكالة امازون تورز المعتمدة للسفر و السياحة ,خدمات الأعمال,سياحة و سفر,False,16,5.0,316921,0,1,2
2649,Rise and Crust,رايز و كرست,رايز و كرست,أطعمة ومشروبات,,False,16,5.0,307222,0,1,2
2650,Matjrke,متجرك للخدمات الالكترونية ,متجرك للخدمات الالكترونية ,خدمات الأعمال,خدمات الكترونيه ,False,16,5.0,259313,0,1,2
2651,Representative and coordinator of Eastern gifts,مندوب ومنسق هدايا الشرقيه,مندوب ومنسق هدايا الشرقيه,هدايا,,False,16,5.0,235089,0,1,2
2652,Masdar Building Materials,شركة مصدر لمواد البناء,شركة مصدر لمواد البناء,خدمات الأعمال,,False,16,5.0,221906,0,1,1
2653,Olgite,أولجيت,أولجيت,خدمات الأعمال,,False,16,5.0,211148,0,1,1
2654,NOOR STORE7117,مؤسسة نور ستور للتجارة ,مؤسسة نور ستور للتجارة ,الجمال والصحة,,False,16,5.0,160890,0,1,1
2655,RedMagicKSA,متجر رد ماجيك السعودية,متجر رد ماجيك السعودية,إلكترونيات,,False,16,5.0,140256,0,1,1
2656,Sy shopping,اس واي شوبنق,اس واي شوبنق,خدمات الأعمال,,False,16,5.0,129431,0,1,2
2657,EGRAR,منصة اقرار,منصة اقرار,خدمات الأعمال,,False,16,5.0,94542,0,1,1
2658,shahad assarah honey store,متجر شهد السراة للعسل,متجر شهد السراة للعسل,أطعمة ومشروبات,,False,16,5.0,41975,0,1,1
2659,al ahmed for oud,الأحمد للعود,الأحمد للعود,خدمات الأعمال,,False,16,5.0,29717,0,1,1
2660,Virgin stone,عذراء الجنيدي,عذراء الجنيدي,هدايا,,False,16,5.0,17278,0,1,2
2661,Deem AlMarefah,ديم المعرفة,ديم المعرفة,خدمات الأعمال,,False,16,5.0,15322,0,1,1
2662,Lolaa shopping ,لوله شوبينق,لوله شوبينق,خدمات الأعمال,,False,16,5.0,11519,0,1,1
2663,DASHOP,دي إي,دي إي,إلكترونيات,بيع بطايق,False,15,5.0,316617,0,1,2
2664,ABAR REWAA,آبار رواء للمقاولات,آبار رواء للمقاولات,خدمات الأعمال,مقاولات,False,15,5.0,289734,0,1,1
2665,Social media services and Emarketing,خدمات السوشيال ميديا,خدمات السوشيال ميديا,خدمات الأعمال,,False,15,5.0,270325,0,1,2
2666,3lmsport,عالم الرياضة,عالم الرياضة,خدمات الأعمال,,False,15,5.0,265253,0,1,2
2667,H for Cakes,إتش للكيك,إتش للكيك,أطعمة ومشروبات,,False,15,5.0,253238,0,1,2
2668,Ink and Link,حبر وتواصل,حبر وتواصل,خدمات الأعمال,,False,15,5.0,242548,0,1,1
2669,stitch his,غرزه حصه,غرزه حصه,هدايا,,False,15,5.0,191929,0,1,2
2670,Beralogo,بيرا لوقو,بيرا لوقو,خدمات الأعمال,,False,15,5.0,168542,0,1,2
2671,1Rawabi Store,متجر روابي الأصلي,متجر روابي الأصلي,خدمات الأعمال,,False,15,5.0,145277,0,1,2
2672,Dallbit,دالبيت,دالبيت,هدايا,,False,15,5.0,140321,0,1,2
2673,Teraaz ,طراز للتطريز ,طراز للتطريز ,ازياء,,False,15,5.0,136688,0,1,2
2674,BlackDozer,بلاك دوزر,بلاك دوزر,منتجات رقمية,منتجات رقمية,False,15,5.0,118346,0,1,2
2675,Abo Yasser Store ,متجر أبو ياسر اللإلكتروني,متجر أبو ياسر اللإلكتروني,خدمات الأعمال,,False,15,5.0,92051,0,1,1
2676,shopwithnano,خبيرة تسوق,خبيرة تسوق,خدمات الأعمال,,False,15,5.0,91579,0,1,2
2677,KNR,كنر,كنر,خدمات الأعمال,,False,15,5.0,90467,0,1,2
2678,Muntathar Store,متجر منتظر,متجر منتظر,المنزل,,False,15,5.0,89030,0,1,1
2679,babamin tesbih,مسباح أبـي,مسباح أبـي,هدايا,,False,15,5.0,84600,0,1,2
2680,AVEN,افين,افين,خدمات الأعمال,,False,15,5.0,48778,0,1,1
2681,Aldorah yarns,خيوط الدره,خيوط الدره,هدايا,,False,15,5.0,20044,0,1,2
2682,LamsatAlreem,بوتيك لمسة الريم,بوتيك لمسة الريم,الجمال والصحة,,False,15,5.0,11874,0,1,1
2683,MISK Al RAYA FOR TOURISM,مسك الراية لتنظيم الرحلات السياحية,مسك الراية لتنظيم الرحلات السياحية,خدمات الأعمال,,False,15,5.0,11266,0,1,1
2684,la7zy,لحظي,لحظي,خدمات الأعمال,,False,14,5.0,348154,0,1,2
2685,Aloo,مركز علو للكتابة والتنسيق,مركز علو للكتابة والتنسيق,التعليم,مكتبة إلكترونية,False,14,5.0,333930,0,1,2
2686,6lack Store,طلق ستور,طلق ستور,منتجات رقمية,اكواد رقمية و حسابات وتقديم خدمات متخصصة بالالعاب,False,14,5.0,331503,0,1,2
2687,Badrah sweets ,حلويات بدره,حلويات بدره,أطعمة ومشروبات,,False,14,5.0,306729,0,1,2
2688,LINOABAYA,لينو عباية,لينو عباية,ازياء,عبايات ازياء ,False,14,5.0,306576,0,1,2
2689,Yasser  Furniture Store,متجر ياسر للأثاث,متجر ياسر للأثاث,المنزل,,False,14,5.0,296044,0,1,2
2690,Maida Ali AlQarni,معيضه علي القرني ,معيضه علي القرني ,ازياء,فساتين سهره,False,14,5.0,266598,0,1,2
2691,,مخترع للخدمات الاكترونيه,مخترع للخدمات الاكترونيه,خدمات الأعمال,,False,14,5.0,260919,0,1,2
2692,Ocean store1,ممتجر اوشن,ممتجر اوشن,إلكترونيات,,False,14,5.0,206825,0,1,2
2693,Alaaka,الاء خدمات الالكترونية ,الاء خدمات الالكترونية ,خدمات الأعمال,,False,14,5.0,199016,0,1,2
2694,Art By Sara,ارت باي سارا,ارت باي سارا,المنزل,,False,14,5.0,120788,0,1,2
2695,Beautify,بيوتيفاي,بيوتيفاي,خدمات الأعمال,,False,14,5.0,96298,0,1,1
2696,coop banana,كوبنانا,كوبنانا,خدمات الأعمال,,False,14,5.0,96240,0,1,1
2697,Sweetie Treatie,المتعة الحلوة,المتعة الحلوة,أطعمة ومشروبات,,False,14,5.0,96024,0,1,2
2698,eleganttgifts ,مندوب هدايا الشرقيه,مندوب هدايا الشرقيه,هدايا,متسوق شخصي ومنسق هدايا,False,14,5.0,76993,0,1,1
2699,Coins Games,متجر كوينز قيمز,متجر كوينز قيمز,خدمات الأعمال,,False,14,5.0,72888,0,1,2
2700,souq gallery,سوق غاليري,سوق غاليري,إلكترونيات,,False,14,5.0,62497,0,1,2
2701,,بوراشد للمساعده في الاستقدام المهني ,بوراشد للمساعده في الاستقدام المهني ,خدمات الأعمال,,False,14,5.0,51362,0,1,2
2702,Baby Care,مستلزمات رعاية أطفال,مستلزمات رعاية أطفال,المنزل,,False,14,5.0,49568,0,1,1
2703,Italianisa,اتاليانيزا,اتاليانيزا,هدايا,,False,14,5.0,45526,0,1,1
2704,ostoreasma,متجر الماركات العالميه,متجر الماركات العالميه,الجمال والصحة,,False,14,5.0,16266,0,1,2
2705,Alanamel Aljameelah,الأنامل الجميلة,الأنامل الجميلة,خدمات الأعمال,,False,14,5.0,15377,0,1,1
2706,Zood Store,متجر زود,متجر زود,أطعمة ومشروبات,,False,14,5.0,8618,0,1,2
2707,AlNemer Jewels,جواهر النمر لتجارة الذهب,جواهر النمر لتجارة الذهب,الجمال والصحة,,False,14,5.0,2185,0,1,1
2708,miasketch,ميا سكتش,ميا سكتش,خدمات الأعمال,,False,13,5.0,341032,0,1,2
2709,Doctors kit,دكتورز كيت,دكتورز كيت,الجمال والصحة,توفير أدوات ومستلزمات الاطباء,False,13,5.0,319148,0,1,2
2710,store abu yatim,متجر ابو يتيم,متجر ابو يتيم,خدمات الأعمال,,False,13,5.0,305208,0,1,2
2711,Mortiyn,مورتن,مورتن,خدمات الأعمال,ادارة وتنشيط المبيعات,False,13,5.0,292792,0,1,2
2712,HAF Boutique,هاف بوتيك,هاف بوتيك,الجمال والصحة,,False,13,5.0,270399,0,1,2
2713,Anaastarter,انا ستارتر,انا ستارتر,أطعمة ومشروبات,,False,13,5.0,264804,0,1,1
2714,Star framz,ستار فريمز,ستار فريمز,الجمال والصحة,,False,13,5.0,245113,0,1,2
2715,haila shopping ,وسيطه مواقع اونلاين ,وسيطه مواقع اونلاين ,خدمات الأعمال,,False,13,5.0,242921,0,1,2
2716,The ideal shopper,المتسوق الامثل,المتسوق الامثل,خدمات الأعمال,,False,13,5.0,235252,0,1,2
2717,EJADAH for Information Technology,مؤسسة إجادة الأعمال لتقنية المعلومات ,مؤسسة إجادة الأعمال لتقنية المعلومات ,خدمات الأعمال,,False,13,5.0,212321,0,1,1
2718, design Hind,هند للتصميم,هند للتصميم,خدمات الأعمال,,False,13,5.0,205179,0,1,2
2719,Boland Laura,بولند لاورا,بولند لاورا,الجمال والصحة,,False,13,5.0,196319,0,1,1
2720,Fournos ,فورنس,فورنس,أطعمة ومشروبات,,False,13,5.0,180857,0,1,2
2721,shopperr, وسيطة تسوق , وسيطة تسوق ,خدمات الأعمال,,False,13,5.0,177479,0,1,2
2722,Sun filter,شمس الإبداع لأعمال التصميم,شمس الإبداع لأعمال التصميم,خدمات الأعمال,,False,13,5.0,176268,0,1,1
2723,Trainer Hanan AlMalki,المدربة حنان المالكي,المدربة حنان المالكي,التعليم,,False,13,5.0,176129,0,1,2
2724,NE,ان اي ,ان اي ,خدمات الأعمال,,False,13,5.0,168683,0,1,2
2725,Taqniat Mumayaz,تقنية مميز للإتصالات,تقنية مميز للإتصالات,إلكترونيات,,False,13,5.0,158551,0,1,1
2726,ThlthWea,متجر ثلث الوعاء,متجر ثلث الوعاء,أطعمة ومشروبات,,False,13,5.0,144784,0,1,1
2727,beauty joint,مؤسسةالجلد الرائع ,مؤسسةالجلد الرائع ,الجمال والصحة,,False,13,5.0,138973,0,1,1
2728,TAGAMMER,تاج امير ,تاج امير ,الجمال والصحة,بيع العود والبخور ,False,13,5.0,127703,0,1,2
2729,Skin care Cleopatra,سكين كير كليوباترا,سكين كير كليوباترا,الجمال والصحة,,False,13,5.0,94273,0,1,2
2730,Alef meem,الف ميم,الف ميم,أطعمة ومشروبات,,False,13,5.0,86368,0,1,1
2731,BANA,بانا للعطورات ,بانا للعطورات ,خدمات الأعمال,,False,13,5.0,79123,0,1,1
2732,iLens,ايلنس,ايلنس,خدمات الأعمال,,False,13,5.0,49880,0,1,1
2733,Weddan ,ودان,ودان,أطعمة ومشروبات,,False,13,5.0,48016,0,1,2
2734,IDE Education, مكتب آي دي إيه للدراسة في الخارج , مكتب آي دي إيه للدراسة في الخارج ,التعليم,,False,13,5.0,24871,0,1,1
2735,Hno Shopping,هنو شوبينق,هنو شوبينق,خدمات الأعمال,,False,13,5.0,17127,0,1,2
2736,crochet style ,متجر الحياكة كروشيه ستايل,متجر الحياكة كروشيه ستايل,هدايا,,False,13,5.0,11964,0,1,2
2737,Almashoq,المعشوق للعود,المعشوق للعود,الجمال والصحة,,False,13,5.0,1345,0,1,1
2738,EA Designs,إي إي ديزاينز,إي إي ديزاينز,الجمال والصحة,,False,13,5.0,240,0,1,1
2739,Tiadress fashion,متجر تيادريس ,متجر تيادريس ,ازياء,فساتين سهرة,False,12,5.0,328247,0,1,1
2740,fantastic tours,وكالة فانتاستيك تورز للسفر و السياحة,وكالة فانتاستيك تورز للسفر و السياحة,خدمات الأعمال,,False,12,5.0,316916,0,1,2
2741,celine abaya,عبايات سيلين,عبايات سيلين,ازياء,عبايات وطرح,False,12,5.0,316521,0,1,2
2742,LWA STORE APPLICATION,لواء لـتطبيقات البلس,لواء لـتطبيقات البلس,منتجات رقمية,متجر تطبيقات بلس,False,12,5.0,289345,0,1,2
2743,The Precious Jewelry,المجوهرات الثمينه,المجوهرات الثمينه,الجمال والصحة,,False,12,5.0,283871,0,1,2
2744,whait7 khadamat,وايت 7,وايت 7,خدمات الأعمال,,False,12,5.0,283686,0,1,2
2745,thecodetime,كود تايم,كود تايم,خدمات الأعمال,,False,12,5.0,281964,0,1,1
2746,lavande scenting devies,لافاند للعطور واجهزة التعطير,لافاند للعطور واجهزة التعطير,إلكترونيات,اجهزة تعطير,False,12,5.0,281916,0,1,2
2747,Commercial Development Steps Company,شركة خطوات التطوير التجارية ,شركة خطوات التطوير التجارية ,الجمال والصحة,,False,12,5.0,268863,0,1,1
2748,attar pone,عطار فون,عطار فون,إلكترونيات,,False,12,5.0,248890,0,1,1
2749,CANSES,كانسيس,كانسيس,هدايا,,False,12,5.0,229818,0,1,2
2750,ALKHALDI ,الخالدي لبرمجة الاجهزة,الخالدي لبرمجة الاجهزة,خدمات الأعمال,,False,12,5.0,181908,0,1,2
2751,Japanese Language Courses,دورات اللغة اليابانية المكثفة,دورات اللغة اليابانية المكثفة,التعليم,,False,12,5.0,139826,0,1,1
2752,FASHION SEASON,موسم الموضة,موسم الموضة,خدمات الأعمال,,False,12,5.0,117943,0,1,1
2753,BEAUTI,شركة بيوتي,شركة بيوتي,الجمال والصحة,,False,12,5.0,108313,0,1,1
2754,Kalim,كلم,كلم,التعليم,,False,12,5.0,96665,0,1,2
2755,RANDA BEAUTY,رندا بيوتي,رندا بيوتي,الجمال والصحة,,False,12,5.0,96425,0,1,2
2756,Sweet Memory ,ذكرى حلوة,ذكرى حلوة,هدايا,,False,12,5.0,93679,0,1,1
2757,enjaznotebook,مفكرة إنجاز,مفكرة إنجاز,خدمات الأعمال,,False,12,5.0,88885,0,1,1
2758,avancer,افانسر,افانسر,الجمال والصحة,,False,12,5.0,76535,0,1,2
2759,SEASONS CAFE,قهوة المواسم المختصصة,قهوة المواسم المختصصة,خدمات الأعمال,,False,12,5.0,43922,0,1,1
2760,nakhluh,متجر نخلة للتمور,متجر نخلة للتمور,خدمات الأعمال,,False,12,5.0,42305,0,1,2
2761,,نونيتا,نونيتا,حفلات,,False,12,5.0,30545,0,1,2
2762,Saudi Records,الأسطوانات السعودية,الأسطوانات السعودية,خدمات الأعمال,,False,12,5.0,30448,0,1,1
2763,Dalia AlNajjar Art Store,متجر داليه النجار للفنون,متجر داليه النجار للفنون,هدايا,,False,12,5.0,27130,0,1,2
2764,Yaseen jewelry,يس جولري,يس جولري,ازياء,,False,12,5.0,11734,0,1,1
2765,delish bakery,مخبز ديلش,مخبز ديلش,أطعمة ومشروبات,,False,12,5.0,11682,0,1,1
2766,DAHNAG,الدهنج,الدهنج,خدمات الأعمال,,False,12,5.0,8417,0,1,1
2767,wardyy,ورووووود,ورووووود,خدمات الأعمال,,False,11,5.0,348157,0,1,2
2768,LJ OUTLET US,ل ج اوتلت,ل ج اوتلت,الجمال والصحة,,False,11,5.0,343821,0,1,2
2769,skyline tourism,شركة سكاي لاين للسفر و السياحة,شركة سكاي لاين للسفر و السياحة,خدمات الأعمال,,False,11,5.0,316919,0,1,2
2770,TRA VISA,ترا فيزا,ترا فيزا,خدمات الأعمال,استخراج الشنقن ,False,11,5.0,313836,0,1,2
2771,N  For Electronic Services,ن للخدمات الكترونية,ن للخدمات الكترونية,خدمات الأعمال,خدمات الكترونية ,False,11,5.0,310391,0,1,2
2772,Juhinastore,متجر جهينة,متجر جهينة,هدايا,,False,11,5.0,308857,0,1,2
2773,Slom,سلوم,سلوم,خدمات الأعمال,,False,11,5.0,300474,0,1,2
2774,the window,النافذة,النافذة,خدمات الأعمال,,False,11,5.0,294396,0,1,2
2775,Thread roll,لفة خيط ,لفة خيط ,ازياء,اعمال يدويه و حرف غير متوارثه ,False,11,5.0,289380,0,1,2
2776,Floresh,متجر فلوريش,متجر فلوريش,هدايا,هدايا وتغليف,False,11,5.0,287134,0,1,1
2777,hay day 3eem,متجر غيم هاي داي,متجر غيم هاي داي,خدمات الأعمال,,False,11,5.0,286212,0,1,2
2778,EY store 22,متجر إي واي 22,متجر إي واي 22,أطعمة ومشروبات,سوبر ماركت,False,11,5.0,285446,0,1,2
2779,Premium Store,بريميوم ستور للاشتراكات الرقمية و التقنية,بريميوم ستور للاشتراكات الرقمية و التقنية,منتجات رقمية,اخرى,False,11,5.0,282852,0,1,2
2780,ghadah1992,غادة للخدمات الالكترونية ,غادة للخدمات الالكترونية ,خدمات الأعمال,,False,11,5.0,280650,0,1,2
2781,BODY SMELL,بودي سميل ,بودي سميل ,هدايا,,False,11,5.0,259138,0,1,1
2782,MOMENTOUS Graphic,مومنتس قرافيك,مومنتس قرافيك,خدمات الأعمال,,False,11,5.0,258718,0,1,2
2783,Adam Medical pharmacy,صيدلية آدم الطبية,صيدلية آدم الطبية,خدمات الأعمال,,False,11,5.0,251085,0,1,1
2784,Tariqabusinn,وسيط ومسوق عقاري ,وسيط ومسوق عقاري ,خدمات الأعمال,,False,11,5.0,249158,0,1,2
2785,GE SHOPPING ,متجر للبراندات العالمية,متجر للبراندات العالمية,خدمات الأعمال,,False,11,5.0,234358,0,1,2
2786,Fast shippinghb,سريع لخدمات الشحن,سريع لخدمات الشحن,خدمات الأعمال,,False,11,5.0,226598,0,1,2
2787,RAZEENcloset,براند رزين كلوسيت,براند رزين كلوسيت,ازياء,,False,11,5.0,217589,0,1,1
2788,Desert Fox Offroad,ديزرت فوكس اوف رود,ديزرت فوكس اوف رود,خدمات الأعمال,,False,11,5.0,212632,0,1,1
2789,almissbar alarbi,المسبار العربي,المسبار العربي,خدمات الأعمال,,False,11,5.0,209265,0,1,2
2790,CooklilleCakeSafwa,كوكلليل كيك صفوى,كوكلليل كيك صفوى,أطعمة ومشروبات,,False,11,5.0,203456,0,1,2
2791,SECRET GIft,سيكريت للهدايا,سيكريت للهدايا,هدايا,,False,11,5.0,188273,0,1,2
2792,Simply Chic By Malak,ببساطة أنيق,ببساطة أنيق,هدايا,,False,11,5.0,176197,0,1,2
2793,w your design,و لتصميمك,و لتصميمك,خدمات الأعمال,,False,11,5.0,174240,0,1,2
2794,Apple Store at Door,أبل ستور ات دور,أبل ستور ات دور,إلكترونيات,,False,11,5.0,155853,0,1,2
2795,My code,ماي كود,ماي كود,إلكترونيات,,False,11,5.0,135396,0,1,1
2796,Fifteeneight,ففتين ايت,ففتين ايت,الجمال والصحة,,False,11,5.0,128476,0,1,2
2797,Like storee,متجر لايك ستور,متجر لايك ستور,خدمات الأعمال,,False,11,5.0,123882,0,1,2
2798,Pc  Build  Ar,بي سي بيلد ,بي سي بيلد ,إلكترونيات,,False,11,5.0,122809,0,1,1
2799,Outlet brands ,الماركات المخفضة 1,الماركات المخفضة 1,ازياء,,False,11,5.0,121412,0,1,1
2800,AlJawhara for Electronic Services,دعم الجوهرة  للخدمات الالكترونية,دعم الجوهرة  للخدمات الالكترونية,خدمات الأعمال,,False,11,5.0,117083,0,1,1
2801,AlMaysan,الميسان,الميسان,الجمال والصحة,,False,11,5.0,112717,0,1,1
2802,njshopin3,وسيطة ومسوقة,وسيطة ومسوقة,خدمات الأعمال,,False,11,5.0,108222,0,1,2
2803,,تحويل اشرطه قديمه لديفدي,تحويل اشرطه قديمه لديفدي,خدمات الأعمال,,False,11,5.0,107608,0,1,2
2804,,العناية الذهبية,العناية الذهبية,الجمال والصحة,,False,11,5.0,99116,0,1,1
2805,NAIF ALMUGHAMISI,نايف فيصل المغامسي ,نايف فيصل المغامسي ,الجمال والصحة,,False,11,5.0,96490,0,1,1
2806,mariamdesigns,المصممة مريم محمد,المصممة مريم محمد,خدمات الأعمال,,False,11,5.0,92492,0,1,2
2807,Kian Advertising Agency,وكالة كيان الإبداع للدعاية والإعلان,وكالة كيان الإبداع للدعاية والإعلان,خدمات الأعمال,,False,11,5.0,91726,0,1,1
2808,albarari,البراري للذبائح,البراري للذبائح,أطعمة ومشروبات,,False,11,5.0,90625,0,1,1
2809,Cyber Boutique,سايبر بوتيك,سايبر بوتيك,خدمات الأعمال,,False,11,5.0,79142,0,1,1
2810,sincerely florist,سنسيرلي للورد,سنسيرلي للورد,حفلات,,False,11,5.0,79097,0,1,1
2811,Alff Baa Personal Shopper,ألف باء للتسوق من بريطانيا,ألف باء للتسوق من بريطانيا,خدمات الأعمال,,False,11,5.0,77064,0,1,1
2812,Store Z7MH,متجر زحمه حكي,متجر زحمه حكي,خدمات الأعمال,,False,11,5.0,71291,0,1,2
2813,GH Helmi,جي اتش حلمي,جي اتش حلمي,الجمال والصحة,,False,11,5.0,69255,0,1,1
2814,Graphic Designer Abrar Zamzami,ابرار زمزمي مصممة جرافيك,ابرار زمزمي مصممة جرافيك,خدمات الأعمال,,False,11,5.0,64803,0,1,2
2815,3naqed,عناقيد,عناقيد,أطعمة ومشروبات,,False,11,5.0,54150,0,1,1
2816,The Salon,ذا سالون,ذا سالون,الجمال والصحة,,False,11,5.0,49522,0,1,1
2817,Jusoor International for Communications and IT,جسور الدولية للاتصالات وتقنية المعلومات,جسور الدولية للاتصالات وتقنية المعلومات,خدمات الأعمال,,False,11,5.0,49209,0,1,1
2818,Qmarjan,متجر قرية المرجان,متجر قرية المرجان,خدمات الأعمال,,False,11,5.0,43230,0,1,1
2819,Kids App Store,متجر كدز آب,متجر كدز آب,المنزل,,False,11,5.0,30071,0,1,1
2820,Manash,مناش للتصميم والطباعة الحرارية,مناش للتصميم والطباعة الحرارية,خدمات الأعمال,,False,11,5.0,25382,0,1,2
2821,,تاج سويت,تاج سويت,أطعمة ومشروبات,,False,11,5.0,17552,0,1,1
2822,Surely Natural,طبعا طبيعي,طبعا طبيعي,أطعمة ومشروبات,صانع ماكولات صحية وخفيفة,False,11,5.0,15929,0,1,2
2823,Yasmeen Boutique,متجر الياسمين للمجوهرات,متجر الياسمين للمجوهرات,ازياء,,False,11,5.0,14734,0,1,2
2824,khait,خيط,خيط,هدايا,,False,11,5.0,11541,0,1,1
2825,WAMM Studios,ستوديو وام,ستوديو وام,خدمات الأعمال,,False,10,5.0,333883,0,1,2
2826,fofa choco,فوفا للشوكولا,فوفا للشوكولا,أطعمة ومشروبات,شوكولاتة,False,10,5.0,320051,0,1,2
2827,Chocoliz14,لذائذ شوكليز,لذائذ شوكليز,أطعمة ومشروبات,اسره منتجة,False,10,5.0,319821,0,1,2
2828,Mesh electronic services,خدمات ميش الإلكترونيه,خدمات ميش الإلكترونيه,إلكترونيات,خدمات الكترونيه,False,10,5.0,310394,0,1,2
2829,MTJR HLK,متجر هلك,متجر هلك,منتجات رقمية,شحن العاب ,False,10,5.0,308211,0,1,2
2830,Tradeoff,تريد أوف,تريد أوف,خدمات الأعمال,,False,10,5.0,308078,0,1,1
2831,Deslo,طباعة الملابس ,طباعة الملابس ,ازياء,ملابس ومنسوجات ,False,10,5.0,304666,0,1,2
2832,Atyab to oud,أطياب للعود,أطياب للعود,الجمال والصحة,,False,10,5.0,293462,0,1,2
2833,Everest internet service,إيفرست لخدمات الإنترنت,إيفرست لخدمات الإنترنت,خدمات الأعمال,,False,10,5.0,280500,0,1,2
2834,,متجر قرية التسوق,متجر قرية التسوق,خدمات الأعمال,,False,10,5.0,279249,0,1,1
2835,2GO LOGISTIC,تو قو للخدمات اللوجستية ,تو قو للخدمات اللوجستية ,خدمات الأعمال,,False,10,5.0,268559,0,1,1
2836,Flex League,الدوري المرن,الدوري المرن,حفلات,,False,10,5.0,263678,0,1,1
2837,Bouvardia sweet  ldeafa,بوفارديا سويت للضيافة,بوفارديا سويت للضيافة,أطعمة ومشروبات,,False,10,5.0,262321,0,1,2
2838,Phonk ,فونك,فونك,إلكترونيات,,False,10,5.0,259864,0,1,2
2839,nextyouksa,متجر نكست يو,متجر نكست يو,خدمات الأعمال,,False,10,5.0,257379,0,1,2
2840,Ektml,منصة إكتمل,منصة إكتمل,خدمات الأعمال,,False,10,5.0,212002,0,1,1
2841,,التميز والابداع للخدمات الطلابية,التميز والابداع للخدمات الطلابية,خدمات الأعمال,,False,10,5.0,211395,0,1,1
2842,,مطبخ أم فيصل ,مطبخ أم فيصل ,أطعمة ومشروبات,,False,10,5.0,196672,0,1,2
2843,harajstation,حراج ستيشن ,حراج ستيشن ,خدمات الأعمال,,False,10,5.0,188660,0,1,1
2844,Korean 1st Step,اللغة الكورية الخطوة الأولى,اللغة الكورية الخطوة الأولى,التعليم,,False,10,5.0,180464,0,1,2
2845,I read fluently for educational services,أنا أقرأ بطلاقة للخدمات التعليمية ,أنا أقرأ بطلاقة للخدمات التعليمية ,التعليم,,False,10,5.0,169014,0,1,2
2846,Speccov,سبيكوف,سبيكوف,أطعمة ومشروبات,,False,10,5.0,160186,0,1,1
2847,AREA SPA,إريـا,إريـا,الجمال والصحة,,False,10,5.0,155521,0,1,1
2848,M B SPA,منتجات عناية بالجسم,منتجات عناية بالجسم,الجمال والصحة,,False,10,5.0,145420,0,1,2
2849,Smart app,التطبيق الذكي,التطبيق الذكي,خدمات الأعمال,,False,10,5.0,145378,0,1,2
2850,Chocolate Unique,تشوكليت يونيك الزلفي,تشوكليت يونيك الزلفي,أطعمة ومشروبات,,False,10,5.0,128055,0,1,2
2851,tbatic,مؤسسة تباتيك التجارية,مؤسسة تباتيك التجارية,المنزل,,False,10,5.0,120947,0,1,1
2852,Alwagd,الوجد للتصميم,الوجد للتصميم,خدمات الأعمال,,False,10,5.0,117120,0,1,2
2853,netstation store,نت ستيشن,نت ستيشن,خدمات الأعمال,,False,10,5.0,108800,0,1,1
2854,Aeqed Aljuman for commerce ,مؤسسة عقد الجمان للتجارة,مؤسسة عقد الجمان للتجارة,خدمات الأعمال,,False,10,5.0,108482,0,1,1
2855,shop with samah,سماح وسيطة تسوق,سماح وسيطة تسوق,خدمات الأعمال,,False,10,5.0,95661,0,1,2
2856,Moghallaf,مغلف  أنيق,مغلف  أنيق,هدايا,,False,10,5.0,95180,0,1,1
2857,Craft Bakery,كرافت بيكري,كرافت بيكري,أطعمة ومشروبات,,False,10,5.0,91678,0,1,2
2858,Sama phone,متجر سما فون ,متجر سما فون ,إلكترونيات,,False,10,5.0,86949,0,1,1
2859,Chefnajat,شيف نجاة,شيف نجاة,أطعمة ومشروبات,,False,10,5.0,76807,0,1,1
2860,ordarday,طلبات اليوم,طلبات اليوم,خدمات الأعمال,,False,10,5.0,73348,0,1,2
2861,7iaka,حياكة,حياكة,خدمات الأعمال,,False,10,5.0,62755,0,1,1
2862,creativo,كرياتيفو,كرياتيفو,خدمات الأعمال,,False,10,5.0,51385,0,1,1
2863,Gulf Wings,اجنحة الخليج,اجنحة الخليج,التعليم,,False,10,5.0,41330,0,1,1
2864,Tooth Booth,منصة الأسنان,منصة الأسنان,خدمات الأعمال,,False,10,5.0,24394,0,1,1
2865,Screamboutique,مجال الصرخة,مجال الصرخة,الجمال والصحة,,False,10,5.0,16051,0,1,1
2866,some by mi,سوم باي مي ,سوم باي مي ,خدمات الأعمال,,False,10,5.0,15359,0,1,1
2867,NKHATCOM,نكهات كوم,نكهات كوم,خدمات الأعمال,,False,10,5.0,8531,0,1,2
3001,gifts sharif,هدايا شريف,هدايا شريف,خدمات الأعمال,,False,207,4.95,107585,0,1,2
3002,lantanaashop,متجر لانتانا للعطور,متجر لانتانا للعطور,الجمال والصحة,,False,115,4.95,2120,0,1,1
3003,,متجر بياض,متجر بياض,هدايا,,False,88,4.95,229217,0,1,2
3004,Gua shop,وسيطة  غين,وسيطة  غين,خدمات الأعمال,,False,87,4.95,258159,0,1,2
3005,taf3elat store,متجر تفعيلات,متجر تفعيلات,خدمات الأعمال,,False,85,4.95,198084,0,1,2
3006,Nada accessories,مؤسسة قطرات الندى للتجاره والتسويق,مؤسسة قطرات الندى للتجاره والتسويق,إلكترونيات,,False,75,4.95,94049,0,1,1
3007,Shopping Nouf ,نوف وسيطه مواقع ,نوف وسيطه مواقع ,خدمات الأعمال,,False,75,4.95,57012,0,1,2
3008,Babysspot,بيبي ز سبوت,بيبي ز سبوت,خدمات الأعمال,,False,75,4.95,17595,0,1,1
3009,Pro Student,الطالب المحترف,الطالب المحترف,التعليم,,False,42,4.95,166959,0,1,1
3010,,ابو عبدالرحمن للخدمات العقاريه والخدمات العامه,ابو عبدالرحمن للخدمات العقاريه والخدمات العامه,العقارات,,False,39,4.95,157288,0,1,2
3011,ROZ  CARE,منتجات روز للعنايه,منتجات روز للعنايه,الجمال والصحة,,False,22,4.95,155083,0,1,1
3012,AmalShopping,امل شوبنق,امل شوبنق,خدمات الأعمال,,False,22,4.95,121125,0,1,2
3013, Glizer store1,قلايزر ستور للحسابات ,قلايزر ستور للحسابات ,خدمات الأعمال,,False,21,4.95,206338,0,1,1
3014, AL sheikh spare parts,قطع غيار الشيخي,قطع غيار الشيخي,السيارات,,False,20,4.95,194566,0,1,2
3015,Atyafi,أطيافي,أطيافي,خدمات الأعمال,,False,20,4.95,44429,0,1,1
3016,Chez Lulu L'atelier Gris,دار لولو الدار الرمادية,دار لولو الدار الرمادية,الجمال والصحة,,False,19,4.95,139971,0,1,2
3017,Classy cake,كلاسي كيك,كلاسي كيك,أطعمة ومشروبات,,False,19,4.95,76546,0,1,2
3018,Dr fat for Health Food,دكتور فات للوجبات الصحية,دكتور فات للوجبات الصحية,أطعمة ومشروبات,,False,19,4.95,15823,0,1,1
3019,Raseel Gift,رسيل للهدايا,رسيل للهدايا,خدمات الأعمال,,False,493,4.94,17184,0,1,1
3020,Rafal Rings Trading Est,مؤسسة خواتم رافال التجارية,مؤسسة خواتم رافال التجارية,خدمات الأعمال,,False,334,4.94,204828,0,1,1
3021,Hisham led,مؤسسه هشام لبيع انارات الليد ,مؤسسه هشام لبيع انارات الليد ,خدمات الأعمال,,False,157,4.94,172702,0,1,1
3022,otlat sayeh,عطلات سائح,عطلات سائح,خدمات الأعمال,وكالة سفر,False,144,4.94,78646,0,1,1
3023,Lory land Transportation Application Est,مؤسسة تطبيق لوري لتوجيه مركبات الاجرة,مؤسسة تطبيق لوري لتوجيه مركبات الاجرة,السيارات,,False,103,4.94,112595,0,1,1
3024,PC SHOP,بي سي شوب ,بي سي شوب ,إلكترونيات,متجر تجميعات واجهزة مكتبية وطابعات وشاشات ولاب توب ,False,101,4.94,94622,0,1,1
3025,Joud Ads,جود للدعاية والاعلان,جود للدعاية والاعلان,خدمات الأعمال,,False,100,4.94,181183,0,1,1
3026,Zafeen Studio,مؤسسة زفن للتجارة والتسويق,مؤسسة زفن للتجارة والتسويق,خدمات الأعمال,,False,70,4.94,80116,0,1,1
3027,B R A N D S ,براندس,براندس,خدمات الأعمال,,False,65,4.94,161389,0,1,2
3028,Your Mediator,وسيطك  الإلكتروني,وسيطك  الإلكتروني,خدمات الأعمال,,False,53,4.94,168868,0,1,2
3029,WApieces,متسوق خاص,متسوق خاص,هدايا,,False,36,4.94,43518,0,1,1
3030,Chocolate Norah,شوكولاتة نورا ,شوكولاتة نورا ,أطعمة ومشروبات,,False,18,4.94,241546,0,1,2
3031,Selected things,أشياء مختارة,أشياء مختارة,خدمات الأعمال,,False,18,4.94,120056,0,1,2
3032,sate wa soto,ساتي وسوتو,ساتي وسوتو,أطعمة ومشروبات,,False,18,4.94,89582,0,1,2
3033,,تصميم وتنفيذ و فلاتر سناب شات,تصميم وتنفيذ و فلاتر سناب شات,خدمات الأعمال,,False,18,4.94,17506,0,1,1
3034,Baby Dream Store,متجر بيبي دريم,متجر بيبي دريم,المنزل,,False,16,4.94,173637,0,1,1
3035,cup smile,كوب سمايل,كوب سمايل,خدمات الأعمال,,False,16,4.94,153156,0,1,2
3036,Foodco,فودكو,فودكو,أطعمة ومشروبات,,False,16,4.94,107819,0,1,1
3037,Matajer,منصة متاجر,منصة متاجر,خدمات الأعمال,,False,16,4.94,99063,0,1,1
3038,,الفنون الملونة,الفنون الملونة,هدايا,,False,16,4.94,86751,0,1,1
3039,Cvaley,سي فالي,سي فالي,خدمات الأعمال,,False,476,4.93,96402,0,1,1
3040,Smart Stores,المتجر الذكى,المتجر الذكى,إلكترونيات,,False,345,4.93,176761,0,1,1
3041,OneBrand,ون براند,ون براند,إلكترونيات,,False,108,4.93,204189,0,1,1
3042,mediator shopping center,راما اونلاين ,راما اونلاين ,خدمات الأعمال,,False,92,4.93,38142,0,1,2
3043,3persons,3 أشخاص,3 أشخاص,خدمات الأعمال,,False,71,4.93,40364,0,1,2
3044,Nawal intermediated online shopping,نوال وسيطة تسوق للمواقع العالمية,نوال وسيطة تسوق للمواقع العالمية,خدمات الأعمال,,False,67,4.93,92315,0,1,2
3045,Bintan Sky Coffee Store,متجر قهوة بنتان سكاي,متجر قهوة بنتان سكاي,خدمات الأعمال,,False,57,4.93,252720,0,1,1
3046,TURTUS,تورتس,تورتس,إلكترونيات,,False,57,4.93,218002,0,1,1
3047,Majed Abdullah Al Shahrani Contracting Est,مؤسسة ماجد عبدالله الشهراني للمقاولات,مؤسسة ماجد عبدالله الشهراني للمقاولات,هدايا,,False,56,4.93,244174,0,1,1
3048,Classsic store,متجر كلاسيك ستور,متجر كلاسيك ستور,إلكترونيات,بيع وشراء شدات ببجي موبايل,False,30,4.93,280815,0,1,2
3049,Student and electronic services,خدمات طلابية والكترونية,خدمات طلابية والكترونية,خدمات الأعمال,خدمات طلابية والكترونية,False,28,4.93,287135,0,1,1
3050,R O Shopper,ر و ,ر و ,ازياء,,False,28,4.93,148933,0,1,2
3051,Free Wheels,عجلات منطلقة,عجلات منطلقة,خدمات الأعمال,,False,28,4.93,20073,0,1,1
3052,Baqqat,باقات,باقات,خدمات الأعمال,,False,27,4.93,91352,0,1,1
3053,Studio Dream,حلم لتصوير المواليد و الاطفال,حلم لتصوير المواليد و الاطفال,خدمات الأعمال,,False,15,4.93,211350,0,1,1
3054,Manal shopper ,تسويق الكتروني من باريس ,تسويق الكتروني من باريس ,خدمات الأعمال,,False,15,4.93,158513,0,1,1
3055,Almuradstc,موؤسسة المراد للأتصالات,موؤسسة المراد للأتصالات,خدمات الأعمال,,False,15,4.93,141946,0,1,1
3056,Eimkaan Alkhalij Commercial EST,مؤسسة إمكان الخليج التجاريه,مؤسسة إمكان الخليج التجاريه,الجمال والصحة,,False,15,4.93,136994,0,1,1
3057,FRESH EYE,فريش آي,فريش آي,خدمات الأعمال,,False,15,4.93,99076,0,1,1
3058,Branding and digital  printing ,تصميم وطباعة رقمية,تصميم وطباعة رقمية,خدمات الأعمال,,False,15,4.93,90438,0,1,1
3059,My lovely Baby Book,كتاب طفلي الجميل,كتاب طفلي الجميل,هدايا,,False,15,4.93,43853,0,1,2
3060,Senjara,سنجارة,سنجارة,أطعمة ومشروبات,,False,15,4.93,16563,0,1,1
3061,System32 Store,متجر نظام,متجر نظام,خدمات الأعمال,,False,14,4.93,200188,0,1,2
3062,Gulf Electro,الكترونيات الخليج,الكترونيات الخليج,خدمات الأعمال,,False,14,4.93,167196,0,1,1
3063,  gina alkwater for perfumes,عطور غنى الخواطر ,عطور غنى الخواطر ,خدمات الأعمال,,False,14,4.93,149057,0,1,1
3064,Yamour Graphic,يامور جرافيك,يامور جرافيك,خدمات الأعمال,,False,14,4.93,87211,0,1,1
3065,Rawan nasser,روان ناصر,روان ناصر,الجمال والصحة,,False,14,4.93,79596,0,1,1
3066,3zo,عزو,عزو,خدمات الأعمال,,False,14,4.93,71475,0,1,2
3067,Aldar Spices,بهارات الدار,بهارات الدار,أطعمة ومشروبات,,False,14,4.93,947,0,1,1
3068,Cardial watches,كارديال للساعات,كارديال للساعات,إلكترونيات,,False,3333,4.92,77092,0,1,1
3069,,منصة اسأل محامي,منصة اسأل محامي,خدمات الأعمال,,False,623,4.92,258697,0,1,1
3070,Kroot Commercial Corporation,مؤسسة كروت التجارية,مؤسسة كروت التجارية,خدمات الأعمال,,False,466,4.92,89771,0,1,1
3071,RimaLeen,ريمالين,ريمالين,الجمال والصحة,,False,168,4.92,63828,0,1,1
3072,tootaboutique,توتا بوتيك,توتا بوتيك,خدمات الأعمال,,False,131,4.92,173557,0,1,2
3073,Mohammed Shaja Mohammed Aldosari Est,موسسة محمد شاجع محمد الدوسري للاتصالات والتقنية,موسسة محمد شاجع محمد الدوسري للاتصالات والتقنية,خدمات الأعمال,,False,99,4.92,88274,0,1,1
3074,Amelaty Web,موقع عاملتي الرقمي,موقع عاملتي الرقمي,خدمات الأعمال,,False,53,4.92,261892,0,1,1
3075,shaebiat rifi,شعبيات ريفي,شعبيات ريفي,أطعمة ومشروبات,,False,50,4.92,107514,0,1,1
3076,Spangle,سبانقل,سبانقل,أطعمة ومشروبات,,False,49,4.92,42109,0,1,2
3077,QIRAT TRADING COMPANY,شركة قيراط للتجارة,شركة قيراط للتجارة,السيارات,بيع قطع الغيار والسيارات المستعملة,False,39,4.92,170527,0,1,1
3078,planet,بلانيت ,بلانيت ,خدمات الأعمال,,False,26,4.92,158118,0,1,2
3079,Almokhtasar Alshamil lnstitute,معهد المختصر الشامل للتدريب,معهد المختصر الشامل للتدريب,التعليم,,False,25,4.92,127205,0,1,1
3080,,سما أكاديمك لتعليم الانجليزي,سما أكاديمك لتعليم الانجليزي,التعليم,,False,25,4.92,80754,0,1,2
3081,pariscom,باريس كوم ,باريس كوم ,الجمال والصحة,,False,13,4.92,213374,0,1,1
3082,Ms7afy,متجر مصحفي لتغليف المصاحف والهدايا,متجر مصحفي لتغليف المصاحف والهدايا,هدايا,,False,13,4.92,185891,0,1,2
3083,Mama Montessori mntesorii,ماما منتسوري,ماما منتسوري,المنزل,,False,13,4.92,107467,0,1,1
3084,Barajoun,براجون ,براجون ,خدمات الأعمال,,False,12,4.92,178392,0,1,2
3085,Dalia Art,داليا ارت,داليا ارت,هدايا,,False,12,4.92,171624,0,1,2
3086,CoachShop,متجر كوتش متسوق شخصي,متجر كوتش متسوق شخصي,خدمات الأعمال,,False,12,4.92,60299,0,1,2
3087,stylelieshop, ستايلي, ستايلي,خدمات الأعمال,,False,12,4.92,27339,0,1,1
3088,Roza for lollipop cake and chocolate,روزا لولي بوب كيك و شوكلاتة,روزا لولي بوب كيك و شوكلاتة,أطعمة ومشروبات,,False,12,4.92,16399,0,1,2
3089,Alzahrani kitchens and home furniture,مؤسسة سامي الزهراني للتجارة قسم المطابخ,مؤسسة سامي الزهراني للتجارة قسم المطابخ,المنزل,,False,12,4.92,15652,0,1,1
3090,SHAMS DESIGN TRADING EST,مؤسسة شمس التصميم,مؤسسة شمس التصميم,خدمات الأعمال,,False,12,4.92,695,0,1,1
3091,Lululashes14 ,رموش لولو ,رموش لولو ,الجمال والصحة,,False,393,4.91,64629,0,1,2
3092,BOHY11,بوح,بوح,الجمال والصحة,,False,130,4.91,39582,0,1,1
3093,Chic Shopaholic,محبي التسوق,محبي التسوق,خدمات الأعمال,,False,129,4.91,131486,0,1,2
3094,ViPER,فايبر عالم من الترفيه بين يديك,فايبر عالم من الترفيه بين يديك,خدمات الأعمال,,False,128,4.91,195015,0,1,2
3095,jomaaan1441,وسيطة مواقع أروى وفي رواية جمان  ,وسيطة مواقع أروى وفي رواية جمان  ,خدمات الأعمال,,False,96,4.91,129645,0,1,2
3096,sumo for media production,سمو الابداع للانتاج الفني,سمو الابداع للانتاج الفني,خدمات الأعمال,,False,46,4.91,38061,0,1,1
3097,Ninety Nine,ناينتي ناين,ناينتي ناين,خدمات الأعمال,,False,45,4.91,92495,0,1,1
3098,CardsCart,متجر سلة البطاقات,متجر سلة البطاقات,خدمات الأعمال,,False,44,4.91,48511,0,1,1
3099,NATHARI,نثـــــــاري,نثـــــــاري,خدمات الأعمال,,False,23,4.91,197037,0,1,1
3100,Establishment Nahn Musamma AL jamal for Trading,مؤسسة نحن مسمى الجمال للتجاره ,مؤسسة نحن مسمى الجمال للتجاره ,الجمال والصحة,,False,23,4.91,169273,0,1,1
3101,Algeaidy Trad Est,مؤسسة الجعيدي التجارية,مؤسسة الجعيدي التجارية,المنزل,,False,23,4.91,15416,0,1,1
3102,khattwa,خطوة لتسويق الالكتروني وتقديم خدمات تسويقيه ,خطوة لتسويق الالكتروني وتقديم خدمات تسويقيه ,خدمات الأعمال,للتسويق الالكتروني,False,11,4.91,308725,0,1,1
3103,Sultan of electronic services  ,سلطان للخدمات الالكترونية وانجاز الخدمات الحكومية,سلطان للخدمات الالكترونية وانجاز الخدمات الحكومية,خدمات الأعمال,,False,11,4.91,183712,0,1,2
3104,Halwakawali,حلوى خوالي ,حلوى خوالي ,أطعمة ومشروبات,,False,11,4.91,178689,0,1,2
3105,,مؤسسة علياء فالح للتجارة,مؤسسة علياء فالح للتجارة,أطعمة ومشروبات,,False,11,4.91,149773,0,1,1
3106,Asma Allrashed ,أسماء آل راشد ,أسماء آل راشد ,خدمات الأعمال,,False,11,4.91,129790,0,1,2
3107,Arabian Fashion ,موضة عربية,موضة عربية,ازياء,,False,11,4.91,127874,0,1,2
3108,Gleen,جلين,جلين,خدمات الأعمال,,False,11,4.91,109139,0,1,1
3109,Lollipopkoka,لولي بوب كوكا,لولي بوب كوكا,أطعمة ومشروبات,,False,11,4.91,109042,0,1,2
3110,Nassr Platform,منصة نصر,منصة نصر,خدمات الأعمال,,False,11,4.91,108631,0,1,1
3111,    HAZMCO,حـازمـكــو,حـازمـكــو,التعليم,,False,11,4.91,96730,0,1,1
3112,Cards Cart Commercial,مؤسسة عربة البطاقات التجارية,مؤسسة عربة البطاقات التجارية,خدمات الأعمال,,False,11,4.91,91275,0,1,1
3113,The story of a needle,حكاية إبرة,حكاية إبرة,هدايا,,False,11,4.91,62546,0,1,2
3114,Mohammed Arts,محمد آرت,محمد آرت,خدمات الأعمال,,False,11,4.91,20372,0,1,2
3115,,خدمات الكترونيه رقمية,خدمات الكترونيه رقمية,خدمات الأعمال,,False,11,4.91,16913,0,1,2
3116,basma mubdeaa,بصمة مبدعة,بصمة مبدعة,حفلات,,False,11,4.91,759,0,1,1
3117,Cutestore6,كيوت ستور,كيوت ستور,الجمال والصحة,,False,881,4.9,1045,0,1,1
3118,Saudi Follower Store,سعودي فـولور,سعودي فـولور,خدمات الأعمال,,False,435,4.9,218848,0,1,1
3119,Barllina,بارلينا ,بارلينا ,الجمال والصحة,,False,393,4.9,238860,0,1,1
3120,MHATAT,محطات,محطات,المنزل,,False,151,4.9,27433,0,1,1
3121,Hajer Art,هاجر آرت,هاجر آرت,خدمات الأعمال,,False,146,4.9,1323,0,1,1
3122,Aratopia,أراتوبيا,أراتوبيا,إلكترونيات,,False,125,4.9,13558,0,1,1
3123,Orkonalina,اركن,اركن,خدمات الأعمال,,False,112,4.9,24242,0,1,1
3124,HAZELNUTSA,مؤسسة بندقة للتجارة,مؤسسة بندقة للتجارة,أطعمة ومشروبات,,False,72,4.9,129527,0,1,1
3125,Solid wheels,مؤسسة عجلات الصلبة,مؤسسة عجلات الصلبة,السيارات,,False,52,4.9,140272,0,1,1
3126,StarTech eShop,متجر نجمة التقنية,متجر نجمة التقنية,إلكترونيات,,False,51,4.9,131291,0,1,1
3127,A2G for social media service,أي تو جي لدعم حسابات مواقع التواصل الإجتماعي,أي تو جي لدعم حسابات مواقع التواصل الإجتماعي,خدمات الأعمال,,False,40,4.9,217228,0,1,1
3128,VOICE WORKS,أعمال صوتية,أعمال صوتية,خدمات الأعمال,,False,40,4.9,115445,0,1,2
3129,My VISA,تاشيرتي,تاشيرتي,خدمات الأعمال,,False,39,4.9,49279,0,1,1
3130,Sotrah,سترة ,سترة ,الجمال والصحة,,False,39,4.9,16201,0,1,1
3131,H chocolate,اتش تشوكلت,اتش تشوكلت,أطعمة ومشروبات,,False,21,4.9,159754,0,1,2
3132,daralhaton,دار الهتون,دار الهتون,الجمال والصحة,,False,21,4.9,78775,0,1,2
3133,Better Trend Training Center,مركز الاتجاه الأفضل للتدريب,مركز الاتجاه الأفضل للتدريب,التعليم,,False,21,4.9,30094,0,1,1
3134,Order your parts,اطلب قطعك,اطلب قطعك,السيارات,,False,20,4.9,205341,0,1,2
3135,cheese flash,تشيز فلاش ,تشيز فلاش ,أطعمة ومشروبات,,False,10,4.9,169646,0,1,2
3136,renewal beIN,تجديد بي ان,تجديد بي ان,منتجات رقمية,رياضية,False,10,4.9,165668,0,1,2
3137,Rsstar2014,رس ستار2014,رس ستار2014,خدمات الأعمال,,False,10,4.9,148175,0,1,2
3138,Elegant Design,تصاميم انيقه,تصاميم انيقه,خدمات الأعمال,,False,368,4.89,205,0,1,1
3139,Nrma,نرما,نرما,إلكترونيات,,False,171,4.89,249824,0,1,1
3140,,كورد,كورد,حفلات,,False,98,4.89,141238,0,1,1
3141,Al Yusr Telecom,اليسر للاتصالات,اليسر للاتصالات,خدمات الأعمال,,False,46,4.89,141180,0,1,2
3142,Store Red Zone,متجر رد زون ,متجر رد زون ,خدمات الأعمال,,False,45,4.89,119668,0,1,2
3143,Convenient Solutions,الحلول الملائمة للصيانة,الحلول الملائمة للصيانة,المنزل,,False,45,4.89,15535,0,1,1
3144,Golden star design ,النجمة الذهبيه للتصميم,النجمة الذهبيه للتصميم,خدمات الأعمال,,False,37,4.89,166003,0,1,2
3145,Dash Cam  Master,داش كـــام مــا ســتـــر,داش كـــام مــا ســتـــر,إلكترونيات,,False,36,4.89,143812,0,1,1
3146,Google Map expert,محترف قوقل ماب,محترف قوقل ماب,خدمات الأعمال,,False,35,4.89,263790,0,1,2
3147,,متجر وقرطاسية فيض التميز,متجر وقرطاسية فيض التميز,المنزل,,False,35,4.89,11368,0,1,1
3148,3zkm shop,متجر عزكم,متجر عزكم,خدمات الأعمال,,False,27,4.89,265014,0,1,2
3159,Elegance Lovers,إلقانس لوفرز ,إلقانس لوفرز ,خدمات الأعمال,,False,967,4.88,51267,0,1,1
3160,Healthy life,هيلثي لايف,هيلثي لايف,أطعمة ومشروبات,,False,255,4.88,8889,0,1,1
3161,KWAIDI,كوايدي,كوايدي,خدمات الأعمال,,False,211,4.88,4341,0,1,1
3162,storethe,ستور الكل,ستور الكل,منتجات رقمية,خدمات رقمية  ,False,34,4.88,294171,0,1,2
3163,,مؤسسة ألإنجاز التقني للبطاقات للتجارة والتسويق,مؤسسة ألإنجاز التقني للبطاقات للتجارة والتسويق,خدمات الأعمال,,False,33,4.88,64910,0,1,1
3164,CHAMP KIT,عتاد الأبطال,عتاد الأبطال,المنزل,,False,32,4.88,117886,0,1,1
3165,Airlines Market,ايرلاينز ماركت,ايرلاينز ماركت,خدمات الأعمال,,False,26,4.88,38072,0,1,1
3166,Marka888usa,متجر الماركات الاصلية المخفضة,متجر الماركات الاصلية المخفضة,خدمات الأعمال,,False,17,4.88,139455,0,1,1
3167,julnar designs,تصاميم جلنار,تصاميم جلنار,خدمات الأعمال,,False,16,4.88,183496,0,1,2
3184,Monato Store,موناتو ستور,موناتو ستور,خدمات الأعمال,,False,392,4.87,49372,0,1,1
3185,store hal wasat,متجر حل وسط,متجر حل وسط,خدمات الأعمال,,False,149,4.87,79331,0,1,1
3186,The solid shield,الدرع الصلب,الدرع الصلب,السيارات,,False,39,4.87,20402,0,1,1
3187,SMART CREATIONS ,متجر سمارت كريشنز,متجر سمارت كريشنز,إلكترونيات,واقيات شاشات التلفزيون,False,38,4.87,160929,0,1,1
3188,Burjah alarabia ,برجة العربية,برجة العربية,خدمات الأعمال,,False,15,4.87,44404,0,1,1
3189,Pro Care,برو كير,برو كير,السيارات,,False,15,4.87,12294,0,1,1
3190,Roula Ali photography,رولا لتصوير الفوتوغرافي,رولا لتصوير الفوتوغرافي,خدمات الأعمال,,False,15,4.87,2796,0,1,2
3191,Markatsa,ماركات أمريكية بأقل الأسعار,ماركات أمريكية بأقل الأسعار,خدمات الأعمال,,False,302,4.86,1428,0,1,1
3192,Woow Store,منصة واو,منصة واو,خدمات الأعمال,,False,57,4.86,71373,0,1,1
3193,NADALLY,ندالي متجر القهوة,ندالي متجر القهوة,خدمات الأعمال,,False,49,4.86,20575,0,1,1
3194,LMN STORE,متجر لمن,متجر لمن,إلكترونيات,,False,28,4.86,263344,0,1,2
3195,newideas,أفكار جديدة لتقنية المعلومات,أفكار جديدة لتقنية المعلومات,خدمات الأعمال,,False,28,4.86,174979,0,1,1
3196,fashion city,فاشن سيتي,فاشن سيتي,خدمات الأعمال,,False,21,4.86,56900,0,1,1
3208,Ana Teqani,أنا تقني,أنا تقني,إلكترونيات,,False,4596,4.85,39976,0,1,1
3209,tyb aleawd alfakhir,طيب العود الفاخر ,طيب العود الفاخر ,خدمات الأعمال,,False,107,4.85,64875,0,1,1
3210,ZYROS, زايروس, زايروس,خدمات الأعمال,,False,94,4.85,30219,0,1,1
3211,Marym store,متجر مريم  1,متجر مريم  1,خدمات الأعمال,,False,78,4.85,293270,0,1,1
3212,jodi store,متجر الجودي ببجي ,متجر الجودي ببجي ,خدمات الأعمال,,False,52,4.85,152273,0,1,2
3213,Honey Dose,عسل هني دوز,عسل هني دوز,أطعمة ومشروبات,,False,52,4.85,30443,0,1,1
3214,Ghadah For Sweets,غادة سويت,غادة سويت,أطعمة ومشروبات,,False,48,4.85,17091,0,1,1
3215,Eretail,ريتيل,ريتيل,إلكترونيات,,False,27,4.85,239401,0,1,1
3216,Ma2lat7 themes,ثيمات ملاذ,ثيمات ملاذ,خدمات الأعمال,,False,13,4.85,89683,0,1,2
3217,  Elegant shopping,سارة ناصر,سارة ناصر,خدمات الأعمال,,False,79,4.84,127158,0,1,1
3218,Tulips Shop ,توليب شوب100,توليب شوب100,خدمات الأعمال,,False,57,4.84,60926,0,1,2
3219,,مؤسسة توكيلات التقنية للاتصالات وتقنية المعلومات,مؤسسة توكيلات التقنية للاتصالات وتقنية المعلومات,خدمات الأعمال,,False,38,4.84,44001,0,1,1
3220,Al Mona For Trading,المنى للتسوق,المنى للتسوق,خدمات الأعمال,,False,25,4.84,69833,0,1,1
3221,Watad,وتد,وتد,خدمات الأعمال,,False,375,4.83,90277,0,1,1
3222,um thamer,قروبات  ام ثامر الغذائيه,قروبات  ام ثامر الغذائيه,أطعمة ومشروبات,,False,275,4.83,54686,0,1,1
3223,Reefi,ريفي,ريفي,المنزل,,False,194,4.83,54713,0,1,1
3224,BARQ Store ,متجر برق ستور,متجر برق ستور,خدمات الأعمال,,False,65,4.83,178330,0,1,2
3225,guys1shopping,اصدقاء التسوق ,اصدقاء التسوق ,خدمات الأعمال,,False,48,4.83,151411,0,1,1
3226,dantiledesign,دانتيل ديزاين,دانتيل ديزاين,المنزل,,False,42,4.83,209784,0,1,1
3227,Emerd,إيمرد,إيمرد,الجمال والصحة,,False,35,4.83,39556,0,1,1
3228,MAS Stor,ماس ستور,ماس ستور,خدمات الأعمال,,False,23,4.83,274590,0,1,2
3229,Roza ghamdi,ايلا اونلاين للتسوق الالكتروني,ايلا اونلاين للتسوق الالكتروني,خدمات الأعمال,,False,23,4.83,118924,0,1,2
3230,Optique,اوبتيك,اوبتيك,خدمات الأعمال,,False,23,4.83,49787,0,1,1
3231,Imprint stamps,بصمة الأختام,بصمة الأختام,خدمات الأعمال,,False,18,4.83,126498,0,1,2
3232,,قهوه الهيف,قهوه الهيف,أطعمة ومشروبات,,False,18,4.83,1643,0,1,1
3233,arfl0wers,اي ار فلورز,اي ار فلورز,خدمات الأعمال,,False,12,4.83,183923,0,1,1
3234,Peela,بيلا سويت الخرج,بيلا سويت الخرج,أطعمة ومشروبات,,False,12,4.83,162152,0,1,2
3251,,مركزلمسة رنيم للتزيين النسائي,مركزلمسة رنيم للتزيين النسائي,الجمال والصحة,,False,676,4.82,24974,0,1,1
3252,Saffron Threads, خيوط الزعفران, خيوط الزعفران,أطعمة ومشروبات,,False,249,4.82,39658,0,1,1
3253,TechZoneAE,تيك زون للاجهزة الذكية ,تيك زون للاجهزة الذكية ,إلكترونيات,,False,34,4.82,53717,0,1,1
3254,RUCCI FOOD,روتشي فود,روتشي فود,أطعمة ومشروبات,وجبات بإشتراك شهري ,False,33,4.82,89205,0,1,2
3255,NABTA Garden store,متجر نبتة جاردن,متجر نبتة جاردن,المنزل,,False,17,4.82,137437,0,1,1
3256,LEADING CARE CO FOR COSMETICS,شركة العناية الرائدة لمستحضرات التجميل,شركة العناية الرائدة لمستحضرات التجميل,خدمات الأعمال,,False,11,4.82,214538,0,1,1
3257,Purple Art,بربل آرت,بربل آرت,خدمات الأعمال,,False,11,4.82,151754,0,1,2
3258,favoritesemy,مفضلة إيمي,مفضلة إيمي,خدمات الأعمال,,False,11,4.82,89482,0,1,2
3259,Fzah Abaya,عبايات فزة ,عبايات فزة ,الجمال والصحة,,False,287,4.81,242704,0,1,1
3260,Ismael Alyahya for Oud and Saffron,اسماعيل اليحيى للعود والزعفران والعطور,اسماعيل اليحيى للعود والزعفران والعطور,خدمات الأعمال,,False,213,4.81,15853,0,1,1
3261,East AlAhsa real estate office,مكتب شرق الأحساء العقاري,مكتب شرق الأحساء العقاري,العقارات,,False,32,4.81,108599,0,1,1
3262,HOLZ AND DOODKA STORE,هولز قيمر  وحيد قيمر,هولز قيمر  وحيد قيمر,خدمات الأعمال,,False,21,4.81,260051,0,1,1
3263,YoourGift,يور قفت,يور قفت,خدمات الأعمال,,False,167,4.8,96396,0,1,1
3264,Services iCloud,خدمات ايكلاود ,خدمات ايكلاود ,إلكترونيات,,False,86,4.8,69774,0,1,2
3265,Dream caravan,دريم كرفان لتأجير لوازم الرحلات,دريم كرفان لتأجير لوازم الرحلات,حفلات,,False,55,4.8,20554,0,1,1
3266,nuadir albukhur,نوادر البخور,نوادر البخور,الجمال والصحة,,False,51,4.8,57020,0,1,1
3267,Theidealoil,الزيت المثالي,الزيت المثالي,الجمال والصحة,,False,44,4.8,63174,0,1,1
3268,FHD Store,ستور فهد,ستور فهد,خدمات الأعمال,,False,20,4.8,246274,0,1,2
3269,Retro Restart Video Game Store,رترو ريستارت لالعاب الفيديو,رترو ريستارت لالعاب الفيديو,إلكترونيات,,False,20,4.8,244962,0,1,1
3270,Neo Card,نيو كارد,نيو كارد,خدمات الأعمال,,False,20,4.8,189176,0,1,1
3271,Rases  A'Store ,رسيس اوستور,رسيس اوستور,خدمات الأعمال,,False,10,4.8,204847,0,1,2
3272,Golden kit Store,متجر الطقم الذهبي,متجر الطقم الذهبي,ازياء,,False,10,4.8,155916,0,1,1
3295,Candles Group,مجموعة كاندلز,مجموعة كاندلز,حفلات,,False,808,4.79,2897,0,1,1
3296,Dukan Phone,دكان فون,دكان فون,إلكترونيات,,False,76,4.79,20692,0,1,1
3297,the Quiet Country House,المنزل الريفي الهادئ,المنزل الريفي الهادئ,المنزل,,False,38,4.79,60591,0,1,1
3298,asma selections,اختيارات أسماء,اختيارات أسماء,خدمات الأعمال,,False,29,4.79,16019,0,1,1
3299,,مؤسسة سوق أميال للتجاره,مؤسسة سوق أميال للتجاره,خدمات الأعمال,,False,24,4.79,2519,0,1,1
3300,SOQWEB,سوق ويب,سوق ويب,ازياء,,False,19,4.79,259800,0,1,1
3301,Lady elegance for brands,سيدة الأناقه للماركات العالميه الاصليه,سيدة الأناقه للماركات العالميه الاصليه,خدمات الأعمال,,False,19,4.79,86783,0,1,1
3302,Markatoo0,ماركاتو,ماركاتو,الجمال والصحة,,False,14,4.79,2689,0,1,2
3303,beautyinloveshop,متجر بيوتي ان لوف ,متجر بيوتي ان لوف ,الجمال والصحة,,False,58,4.78,15163,0,1,1
3304,Tahdiri,تحضيري,تحضيري,خدمات الأعمال,,False,50,4.78,254977,0,1,1
3305,Rainy Clouds OG,ريني كلاودز,ريني كلاودز,خدمات الأعمال,,False,40,4.78,224302,0,1,1
3306,TALLEK,متجر تليك للتسويق الإلكتروني,متجر تليك للتسويق الإلكتروني,خدمات الأعمال,,False,37,4.78,93818,0,1,1
3307,MNRILA,منريلا,منريلا,الجمال والصحة,,False,18,4.78,49637,0,1,1
3311,c5r,صخر,صخر,خدمات الأعمال,,False,169,4.77,263542,0,1,2
3312,TekAdj,تك تقني ,تك تقني ,إلكترونيات,,False,52,4.77,261723,0,1,1
3313,,رهف وسيطه,رهف وسيطه,خدمات الأعمال,,False,31,4.77,123965,0,1,2
3314,Gorgeous Sky Store,متجر السماء الرائعة,متجر السماء الرائعة,ازياء,,False,22,4.77,119416,0,1,1
3315,musclemoodsa,موقع مصل موود,موقع مصل موود,خدمات الأعمال,,False,22,4.77,73369,0,1,2
3316,MANDY STATION,مندي ستيشن,مندي ستيشن,أطعمة ومشروبات,,False,444,4.76,7855,0,1,1
3317,Express shopper,وسيط مواقع 0542238187,وسيط مواقع 0542238187,خدمات الأعمال,,False,78,4.76,51397,0,1,2
3318,Arjaa Advertising Agency ,وكالة أرجاء للدعاية والإعلان,وكالة أرجاء للدعاية والإعلان,خدمات الأعمال,,False,54,4.76,108070,0,1,1
3319,Color precision Industry Company,شركة دقة لون للصناعة,شركة دقة لون للصناعة,المنزل,,False,34,4.76,49576,0,1,1
3320,,تاي تشي للصحة,تاي تشي للصحة,الجمال والصحة,,False,34,4.76,11504,0,1,1
3321,Paris Boutiique,باريس بوتيك,باريس بوتيك,الجمال والصحة,,False,29,4.76,91333,0,1,1
3322,ASBAR STORE, آسبار ستور, آسبار ستور,خدمات الأعمال,,False,25,4.76,231288,0,1,2
3323,diamond razors,الشفرات الماسية,الشفرات الماسية,هدايا,,False,25,4.76,27489,0,1,2
3324,Givenchy perfume world,عالم جيفنشي للعطور,عالم جيفنشي للعطور,الجمال والصحة,عطور ,False,17,4.76,234890,0,1,1
3325,HandR Store,اتش اند ار ستور,اتش اند ار ستور,الجمال والصحة,,False,17,4.76,118843,0,1,2
3326,Ashya,أشياء,أشياء,المنزل,,False,17,4.76,80960,0,1,1
3327,Push Store,متجر أبو السعود الإلكتروني,متجر أبو السعود الإلكتروني,خدمات الأعمال,,False,206,4.75,93932,0,1,1
3328,Qualitat Honey,عسل كوالتيت,عسل كوالتيت,خدمات الأعمال,,False,83,4.75,707,0,1,1
3329,TH ABAYA,تي اتش للعبايات,تي اتش للعبايات,المنزل,أزياء,False,69,4.75,301325,0,1,1
3330,Offers Basket Store,متجر سلة العروض,متجر سلة العروض,خدمات الأعمال,,False,16,4.75,135697,0,1,1
3360,AVIANA BROOCH,افيانا بروش,افيانا بروش,هدايا,هدايا ,False,38,4.74,284366,0,1,1
3361,Personal Shopper EM,وسيطة إيم,وسيطة إيم,خدمات الأعمال,,False,34,4.74,165909,0,1,2
3362,Link Araby,لينك عربي,لينك عربي,خدمات الأعمال,,False,31,4.74,112098,0,1,1
3363,,الحذاء الفاخر,الحذاء الفاخر,خدمات الأعمال,,False,23,4.74,49581,0,1,1
3364,T5ear store,تخير,تخير,خدمات الأعمال,,False,150,4.73,208,0,1,1
3365,LaBrezza,لابريزا,لابريزا,خدمات الأعمال,,False,45,4.73,8521,0,1,1
3366,Tactical Store,المتجر التكتيكي,المتجر التكتيكي,ازياء,,False,22,4.73,7637,0,1,1
3367,,معمول الخناصة,معمول الخناصة,أطعمة ومشروبات,,False,15,4.73,42673,0,1,1
3368,Digital Cards World Trading Est,مؤسسة عالم البطاقات الرقمي للتجارة,مؤسسة عالم البطاقات الرقمي للتجارة,خدمات الأعمال,,False,72,4.72,134176,0,1,1
3369,iStore,آي ستور,آي ستور,خدمات الأعمال,,False,60,4.72,1008,0,1,1
3370,Johrh,جوهرة,جوهرة,الجمال والصحة,,False,408,4.71,42825,0,1,1
3371,ZAFAT ZAFATTI,زفات زفاتي,زفات زفاتي,حفلات,,False,41,4.71,245401,0,1,1
3372,Masawk arak,مساويك الاراك,مساويك الاراك,أطعمة ومشروبات,,False,35,4.71,139628,0,1,1
3373,chocohor,شوكو حور,شوكو حور,أطعمة ومشروبات,,False,28,4.71,65732,0,1,2
3374,Jamalek3almy,جمالك عالمي,جمالك عالمي,خدمات الأعمال,,False,17,4.71,216892,0,1,1
3375,DELA,ديلا,ديلا,ازياء,,False,14,4.71,126945,0,1,2
3376,tahani khaled,تهاني خالد,تهاني خالد,خدمات الأعمال,,False,14,4.71,65837,0,1,2
3377,a store Ibraheem alFahad,متجر إبراهيم الفهد الإلكتروني,متجر إبراهيم الفهد الإلكتروني,خدمات الأعمال,,False,14,4.71,107,0,1,2
3381,michel store,متجر مايكل بلس,متجر مايكل بلس,خدمات الأعمال,,False,195,4.7,249763,0,1,2
3382,JOY Personal Shopper,وسيطة تسوق جوي,وسيطة تسوق جوي,خدمات الأعمال,,False,125,4.7,49233,0,1,1
3383,Shop to go,شوب تو قو,شوب تو قو,خدمات الأعمال,,False,53,4.7,94854,0,1,2
3384,Awtari,أوتاري,أوتاري,حفلات,,False,10,4.7,17081,0,1,1
3385,Ksajdmwheels2,سعودي ويلز 2,سعودي ويلز 2,السيارات,,False,29,4.69,129131,0,1,1
3386,Ucare,يوكير,يوكير,خدمات الأعمال,,False,16,4.69,115823,0,1,1
3387,Office Visa Express,مكتب التأشيرات السريعة,مكتب التأشيرات السريعة,خدمات الأعمال,مكتب استخراج تأشبرات سياحيه وعلاجيه ودواسيه حول العالم,False,13,4.69,280210,0,1,1
3388,Smapubg,متجر سما ببجي,متجر سما ببجي,خدمات الأعمال,,False,13,4.69,232625,0,1,2
3389,batrenastore,باترينا,باترينا,خدمات الأعمال,,False,13,4.69,77119,0,1,1
3390,Wafyapp,منصة وافي,منصة وافي,حفلات,,False,37,4.68,287714,0,1,2
3391,skb abaya,سخب للعبايات,سخب للعبايات,ازياء,ازياء,False,67,4.67,321044,0,1,1
3392,Talal Design,طلال ديزاين,طلال ديزاين,خدمات الأعمال,,False,58,4.67,142135,0,1,2
3393,Cali shop,متجر كالي,متجر كالي,الجمال والصحة,,False,24,4.67,47846,0,1,1
3394,Munwra Dates Store,متجر تمور المنورة,متجر تمور المنورة,خدمات الأعمال,,False,21,4.67,212,0,1,1
3395,SNEAKERS BOXES,صناديق الحذاء,صناديق الحذاء,ازياء,,False,15,4.67,131135,0,1,2
3396,,مؤسسة محمد حسن الدهان التجارية,مؤسسة محمد حسن الدهان التجارية,المنزل,,False,15,4.67,96691,0,1,1
3397,Bella Fiori,بيلا فيوري,بيلا فيوري,المنزل,,False,15,4.67,12076,0,1,1
3398,Fatima body care,فاطمه للعنايه بالجسم,فاطمه للعنايه بالجسم,الجمال والصحة,,False,12,4.67,270858,0,1,2
3399,Sleep x Factory,سليب أكس فاكتوري,سليب أكس فاكتوري,المنزل,,False,12,4.67,249818,0,1,1
3400,Arab Design,عرب ديزاين,عرب ديزاين,خدمات الأعمال,,False,12,4.67,171325,0,1,2
3401,Rawnqksa,رونق للتسويق,رونق للتسويق,خدمات الأعمال,,False,12,4.67,129514,0,1,1
3402,Zarafa Pet Shop,متجر زرافة للحيوانات الأليفة,متجر زرافة للحيوانات الأليفة,المنزل,,False,12,4.67,54655,0,1,1
3403,Riyadhstore,مؤسسة متاجرالرياض للاتصالات,مؤسسة متاجرالرياض للاتصالات,إلكترونيات,,False,12,4.67,1517,0,1,1
3427,SuperCard Store ,متجر سوبر كارد,متجر سوبر كارد,خدمات الأعمال,,False,94,4.65,175447,0,1,2
3428,Alarrab,متجر العراب,متجر العراب,ازياء,,False,84,4.65,38522,0,1,1
3429,Boutique Fiminity,بوتيك فيمينتي ,بوتيك فيمينتي ,خدمات الأعمال,,False,68,4.65,42808,0,1,2
3430,R abaya,راء عباية ,راء عباية ,ازياء,,False,26,4.65,140425,0,1,1
3431,Call flower,مؤسسة ورد الوصال ,مؤسسة ورد الوصال ,هدايا,,False,23,4.65,52493,0,1,1
3432,Nano eShop,متجر نانو,متجر نانو,خدمات الأعمال,,False,389,4.64,669,0,1,1
3433,SPAMA,سباما,سباما,الجمال والصحة,,False,169,4.64,86755,0,1,1
3434,Fatimah electroinc servies, فا طمةخدمات الالكترونية, فا طمةخدمات الالكترونية,إلكترونيات,خدمات الالكترونية,False,11,4.64,345565,0,1,2
3435,EUROPECAR8,المركبة الاوربية 8,المركبة الاوربية 8,السيارات,,False,11,4.64,308848,0,1,2
3436,khadmat alkitrunia2020,ندى للخدمات الكترونية,ندى للخدمات الكترونية,العقارات,,False,11,4.64,264975,0,1,2
3437,Hamad personal shopper,حمد متسوق شخصي,حمد متسوق شخصي,خدمات الأعمال,,False,11,4.64,250084,0,1,1
3438,Hafirash Store,متجر هفيرش,متجر هفيرش,خدمات الأعمال,,False,11,4.64,212058,0,1,1
3439,Mfaresh ruqi,مفارش رقي,مفارش رقي,خدمات الأعمال,,False,11,4.64,141556,0,1,2
3440,Nwader Alzafran,نوادر الزعفران,نوادر الزعفران,أطعمة ومشروبات,,False,11,4.64,94768,0,1,1
3441,Desert Land Aerospace,أرض الصحراء لصيانة الطائرات,أرض الصحراء لصيانة الطائرات,خدمات الأعمال,,False,11,4.64,40594,0,1,1
3442,AB HOLDING LTD,ابجد هوز لخدمات الدعاية والاعلان,ابجد هوز لخدمات الدعاية والاعلان,خدمات الأعمال,,False,64,4.63,178017,0,1,1
3443,Direct Sale,البيع المباشر للعقارات,البيع المباشر للعقارات,العقارات,,False,40,4.63,15916,0,1,1
3444,Print,اطبع,اطبع,خدمات الأعمال,,False,24,4.63,40001,0,1,1
3445,Halawinaa,حلاوينا,حلاوينا,أطعمة ومشروبات,,False,19,4.63,63855,0,1,1
3446,Alsomah,السومة,السومة,خدمات الأعمال,,False,39,4.62,24602,0,1,1
3447,ATOMY00,متجر اتومي,متجر اتومي,خدمات الأعمال,,False,21,4.62,43762,0,1,1
3448,Brand Reham,براند رهام,براند رهام,خدمات الأعمال,,False,57,4.61,78235,0,1,2
3449,Nice One,نايس ون,نايس ون,خدمات الأعمال,,False,1553,4.6,24519,0,1,1
3450,Fz9design,إف زيد ناين ديزاين,إف زيد ناين ديزاين,خدمات الأعمال,,False,10,4.6,274148,0,1,2
3451,Carton3,كارتون3 ,كارتون3 ,هدايا,,False,10,4.6,260693,0,1,2
3452,shekh boutique,الشيخه بوتيك,الشيخه بوتيك,خدمات الأعمال,,False,10,4.6,194785,0,1,2
3453,ArakGsn,غصن الأراك,غصن الأراك,هدايا,,False,10,4.6,164118,0,1,2
3454,NPKSA,مكتب المنصة الوطنية للخدمات الالكترونية,مكتب المنصة الوطنية للخدمات الالكترونية,خدمات الأعمال,,False,10,4.6,91723,0,1,1
3456,mjratpc,مجرات الكمبيوتر,مجرات الكمبيوتر,إلكترونيات,,False,87,4.59,159984,0,1,1
3457,Faiza Hassan Mansour Alamoudi Commercial Est,مؤسسة فايزه حسن منصور العمودي,مؤسسة فايزه حسن منصور العمودي,الجمال والصحة,,False,63,4.59,150917,0,1,1
3458,Violetta  Boutique,فيوليتا بوتيك,فيوليتا بوتيك,الجمال والصحة,,False,29,4.59,64395,0,1,1
3459,,وسيط امازون ومواقع التسوق,وسيط امازون ومواقع التسوق,خدمات الأعمال,,False,22,4.59,48803,0,1,2
3460,WifiStore,متجر واي فاي,متجر واي فاي,إلكترونيات,,False,22,4.59,417,0,1,1
3461,Establishment Imtinan 'Abayah Commercial,مؤسسة دار امتنان ,مؤسسة دار امتنان ,الجمال والصحة,,False,235,4.58,205289,0,1,1
3462,Nanoodress,اقمشة السهرات والفنانات والمشاهير,اقمشة السهرات والفنانات والمشاهير,الجمال والصحة,,False,43,4.58,30124,0,1,1
3463,ALKOON SHIPPING,الكون لخدمات الشحن,الكون لخدمات الشحن,خدمات الأعمال,,False,31,4.58,164333,0,1,1
3464,Boutiq lojain2,بوتيك لجين ٢,بوتيك لجين ٢,خدمات الأعمال,,False,24,4.58,165359,0,1,2
3465,Dorat Aviation Training Center,مركز دورات تعليم الطيران,مركز دورات تعليم الطيران,التعليم,,False,19,4.58,235248,0,1,1
3466,Sbaik Gold Bars Coins,سبائك ومسكوكات ذهبية ,سبائك ومسكوكات ذهبية ,هدايا,,False,19,4.58,136221,0,1,1
3467,ThepureGold,ورد مطلي بالذهب ذكرى خالده لمن تحب,ورد مطلي بالذهب ذكرى خالده لمن تحب,هدايا,,False,12,4.58,136483,0,1,2
3468,AYNMA,أينما ,أينما ,خدمات الأعمال,,False,91,4.57,50986,0,1,1
3469,Kittens Zone,كتن زون,كتن زون,خدمات الأعمال,,False,75,4.57,135898,0,1,1
3470,Urjwan Shop,متجر  أرجـوان,متجر  أرجـوان,خدمات الأعمال,,False,61,4.57,247465,0,1,1
3471,IamGeer ,بنبنن,بنبنن,خدمات الأعمال,,False,28,4.57,234447,0,1,1
3472,ALMOKHLFOUD,المخلف للعود,المخلف للعود,الجمال والصحة,,False,21,4.57,109198,0,1,1
3473,wadq store,متجر ودق,متجر ودق,خدمات الأعمال,,False,21,4.57,78426,0,1,1
3474,Baby smile ,بسمة الطفل,بسمة الطفل,المنزل,,False,14,4.57,17263,0,1,1
3475,HassonTV,متجر حسون الرقمي,متجر حسون الرقمي,إلكترونيات,اشتراكات واجهزة الكترونية,False,312,4.56,287679,0,1,2
3476,faten store,مختارات فاتن,مختارات فاتن,الجمال والصحة,,False,43,4.56,2196,0,1,1
3491,CABLE SSHOP,كيابل الالكتروني,كيابل الالكتروني,إلكترونيات,,False,31,4.55,107927,0,1,1
3492,Jeddah flower,وررد جدة,وررد جدة,حفلات,,False,22,4.55,19960,0,1,1
3493,Splmishnjeddah,سبلميشن جدة,سبلميشن جدة,خدمات الأعمال,,False,24,4.54,3065,0,1,2
3494,Otor200,متجر عاشق العطور,متجر عاشق العطور,الجمال والصحة,,False,13,4.54,117174,0,1,1
3495,Speed4k Store,متجر سماترر ,متجر سماترر ,إلكترونيات,اجهزة واشتراكات البث المباشر والتلفزيون,False,17,4.53,287678,0,1,2
3496,RightStore,رايت ستور,رايت ستور,خدمات الأعمال,,False,17,4.53,240133,0,1,2
3497,Hamtaro STORE,متجر همتارو الإلكتروني,متجر همتارو الإلكتروني,خدمات الأعمال,,False,60,4.52,231548,0,1,2
3498,FINEST JEWELRY,فاينست جولري لتصميم و صناعة المجوهرات,فاينست جولري لتصميم و صناعة المجوهرات,الجمال والصحة,صناعة المعادن الثمينة والاحجار الكريمة,False,42,4.52,2106,0,1,1
3499,My mobile accessories store,متجر اكسسوارات جوالي,متجر اكسسوارات جوالي,إلكترونيات,,False,29,4.52,180632,0,1,1
3500,CARDKSA STORE,متجر كارد السعودية الرسمي,متجر كارد السعودية الرسمي,إلكترونيات,بطاقات وإشتركات رقمية,False,25,4.52,71456,0,1,2
4501,palmadates,بالما للتمور,بالما للتمور,خدمات الأعمال,,False,17,3.59,50941,0,1,1
4502,Rafal nht,شركة متجر رافال,شركة متجر رافال,إلكترونيات,,False,11,3.55,281996,0,1,1
4503,Elite Cup Store,متجر كوب النخبة,متجر كوب النخبة,المنزل,,False,11,3.55,131144,0,1,2
4504,Fkhamat aldog,عطور سعد الشمري ,عطور سعد الشمري ,الجمال والصحة,,False,80,3.54,129221,0,1,1
4505,black stores,المخازن السوداء للتجارة ,المخازن السوداء للتجارة ,إلكترونيات,,False,12,3.5,203469,0,1,1
4527,Bdyistore ,متجر بدائع ستور,متجر بدائع ستور,إلكترونيات,,False,33,3.45,72589,0,1,1
4528,XBPASS,اكس بي  باس,اكس بي  باس,إلكترونيات,,False,11,3.45,220425,0,1,1
4529,stiletto,ستيلتو للعبايات,ستيلتو للعبايات,خدمات الأعمال,,False,18,3.44,279731,0,1,1
4531,,هوم لمسات للاجهزة المنزلية,هوم لمسات للاجهزة المنزلية,المنزل,,False,20,3.4,249665,0,1,1
4532,GnM,جي ان ام,جي ان ام,إلكترونيات,,False,20,3.4,214026,0,1,1
4533,iSH7NHA,إشحنها,إشحنها,خدمات الأعمال,,False,15,3.4,164491,0,1,1
4534,FEMZ BOUTIQUE,فيمز بوتيك,فيمز بوتيك,الجمال والصحة,,False,15,3.4,56539,0,1,1
4549,Electro,شركة الادوات الالكترونية المتطورة المحدودة,شركة الادوات الالكترونية المتطورة المحدودة,إلكترونيات,,False,15,3.33,112353,0,1,1
4550,Itsdqma,دقمة,دقمة,أطعمة ومشروبات,,False,12,3.33,3134,0,1,2
4557,Golden Apple,التفاحة الذهبية,التفاحة الذهبية,إلكترونيات,,False,17,3.29,171149,0,1,1
4558,Safqa Plus,صفقة بلس,صفقة بلس,خدمات الأعمال,,False,17,3.29,128264,0,1,1
4563,sense light,احساس الضوء,احساس الضوء,إلكترونيات,,False,11,3.27,13633,0,1,1
4565,style home,ستايلي هوم,ستايلي هوم,المنزل,,False,10,3.2,285656,0,1,1
4567,Soum Platform Trading Company,شركة منصة سوم للتجارة,شركة منصة سوم للتجارة,خدمات الأعمال,,False,83,3.19,221919,0,1,1
4568,Rose Gold 21,متجر روز قولد 21 ,متجر روز قولد 21 ,الجمال والصحة,,False,22,3.18,175907,0,1,1
4569,Shopping  brands with Renad,تسوقي براندز مع ريناد,تسوقي براندز مع ريناد,خدمات الأعمال,,False,11,3.18,233315,0,1,1
4570,card nes,بطاقة مختلفة,بطاقة مختلفة,خدمات الأعمال,,False,13,3.15,117044,0,1,1
4571,RexSouq,ريكس سوق,ريكس سوق,إلكترونيات,,False,13,3.15,88199,0,1,1
4572,RN Boutiquee,آر إن بوتيك,آر إن بوتيك,الجمال والصحة,,False,13,3.15,81027,0,1,1
4575,NATALYA,ناتاليا,ناتاليا,الجمال والصحة,,False,57,3.04,8473,0,1,2
4576,Mftaah Store,متجر مفتاح للمنتجات الرقمية,متجر مفتاح للمنتجات الرقمية,خدمات الأعمال,,False,20,3.0,77028,0,1,1
4577,GULFSTORE,قولف ستور,قولف ستور,منتجات رقمية,لبيع المنتجات الرقمية,False,18,3.0,302771,0,1,2
4578,nadaabaya,عباية ندى,عباية ندى,ازياء,,False,10,3.0,211652,0,1,1
4804,MONWAH ,منوة ستور,منوة ستور,إلكترونيات,,False,13,2.92,129564,0,1,1
4805,WTR STORE,متجر وتر,متجر وتر,المنزل,,False,19,2.89,131588,0,1,1
4808,Arum Furniture Est,اروم للاثاث,اروم للاثاث,المنزل,,False,13,2.85,234878,0,1,1
4809,almtjralfny,المتجر الفني,المتجر الفني,إلكترونيات,,False,19,2.84,478,0,1,1
4810,AROMATIC  FAMILIES,اروماتك فيمليز,اروماتك فيمليز,الجمال والصحة,,False,30,2.83,34854,0,1,1
4811,Bjad store,بجاد ستور,بجاد ستور,خدمات الأعمال,,False,11,2.82,148045,0,1,2
4814,Shareef Corner Trading Company,شركة ركن الشريف للتجارة,شركة ركن الشريف للتجارة,إلكترونيات,,False,38,2.79,139766,0,1,1
4815,Sfaqat,صفقات,صفقات,خدمات الأعمال,,False,19,2.79,30129,0,1,1
4819,ENGAZ SARI3 TELECOME,الانجاز السريع للاتصالات,الانجاز السريع للاتصالات,إلكترونيات,,False,11,2.73,190716,0,1,1
4820,Snow Wh,بياض الثلج,بياض الثلج,الجمال والصحة,,False,11,2.73,72876,0,1,1
4821,C4app,متجر  سي فور,متجر  سي فور,خدمات الأعمال,,False,14,2.71,239283,0,1,2
4826,WIXX,وكسس,وكسس,إلكترونيات,,False,19,2.68,263139,0,1,1
4831,Gee abaya,جي عباية,جي عباية,الجمال والصحة,,False,10,2.6,135856,0,1,2
4832,Sidalihcom,صيدلية كوم,صيدلية كوم,خدمات الأعمال,,False,10,2.6,38270,0,1,1
4847,neshtri,نشتري,نشتري,إلكترونيات,,False,12,2.5,50,0,1,1
4858,bilut,بلوط,بلوط,المنزل,,False,19,2.42,183374,0,1,2
4859,NAFUD,نفود,نفود,ازياء,,False,12,2.42,1084,0,1,1
4861,Modern Electronics Company Limited,الشركة الإلكترونية الحديثة,الشركة الإلكترونية الحديثة,إلكترونيات,,False,18,2.39,250269,0,1,1
4862,Hunter,هانتر,هانتر,إلكترونيات,العاب,False,22,2.36,311008,0,1,2
4863,JAHEZ Application,تطبيق جاهز,تطبيق جاهز,أطعمة ومشروبات,,False,11,2.36,127816,0,1,1
4864,,متجر أكسجين,متجر أكسجين,خدمات الأعمال,,False,15,2.33,61014,0,1,1
4928,R K,اركي,اركي,منتجات رقمية,منتجات رقمية,False,14,2.29,317933,0,1,2
4930,ProYard Store,متجر ساحة المحترفين,متجر ساحة المحترفين,إلكترونيات,,False,12,2.25,76990,0,1,1
4932,La3eb Company Limited,شركة لاعب المحدودة,شركة لاعب المحدودة,إلكترونيات,,False,29,2.24,250267,0,1,1
4933,ELECTRONSHOP,متجر الكترون,متجر الكترون,خدمات الأعمال,,False,13,2.23,64224,0,1,1
4935,ALHADDAD,شركة بشير نور الدين الحداد للألكترونيات ,شركة بشير نور الدين الحداد للألكترونيات ,إلكترونيات,,False,30,2.2,164812,0,1,1
4936,beyyak,بياك,بياك,أطعمة ومشروبات,,False,11,2.18,214376,0,1,1
4937,EyaClean,ايا كلين,ايا كلين,خدمات الأعمال,,False,11,2.18,96140,0,1,1
4939,Asrarco,أسراركو,أسراركو,خدمات الأعمال,,False,21,2.14,80021,0,1,1
4940,Sumou fashion ,سمو فاشن,سمو فاشن,الجمال والصحة,,False,14,2.14,87802,0,1,2
4943,ladoun,لادون,لادون,خدمات الأعمال,,False,16,2.0,65395,0,1,1
4944,Nice giftt,هديه جميله,هديه جميله,خدمات الأعمال,,False,11,2.0,196621,0,1,2
4999,pirlo store,بيرلو ستور,بيرلو ستور,خدمات الأعمال,,False,33,1.97,205853,0,1,1
5000,Rabe Alfla,ربيع الفلا التجارية لبيع اللحوم,ربيع الفلا التجارية لبيع اللحوم,أطعمة ومشروبات,,False,22,1.91,120355,0,1,1
6001,ArganPackage,ارجان باكيج,ارجان باكيج,خدمات الأعمال,,False,206,4.5,40924,0,1,1
6002,Alawlen Tea ,شاي الأولين ,شاي الأولين ,أطعمة ومشروبات,,False,114,4.5,117315,0,1,1
6003,LaVallee Home,لا فالي هوم,لا فالي هوم,المنزل,,False,20,4.5,7657,0,1,1
6004,natur visions,رؤى الطبيعة,رؤى الطبيعة,الجمال والصحة,,False,18,4.5,59,0,1,1
6005,sda tech telecommunication,صدى تيك للإتصلات و تقنية المعلومات,صدى تيك للإتصلات و تقنية المعلومات,إلكترونيات,,False,16,4.5,263614,0,1,2
6006, Toeq to sell electronic products,متجر طويق لبيع المنتجات الإلكترونية ,متجر طويق لبيع المنتجات الإلكترونية ,خدمات الأعمال,,False,16,4.5,250021,0,1,2
6007,Beast price bp,بيست برايس لشحن شدات ,بيست برايس لشحن شدات ,خدمات الأعمال,,False,16,4.5,203910,0,1,1
6008,owndesign,اون ديزاين,اون ديزاين,خدمات الأعمال,,False,10,4.5,1156,0,1,1
6009,The Back Yard,الفناء الخلفي,الفناء الخلفي,المنزل,,False,10,4.5,840,0,1,1
6055,R3DD,رعدد,رعدد,إلكترونيات,ادارة وتنشيط المبيعات,False,23,4.48,314413,0,1,2
6056,SRbusiness1,بيرسونال شوبر ساره,بيرسونال شوبر ساره,خدمات الأعمال,,False,15,4.47,55028,0,1,2
6057,ALMUSAFIR HOLIDAYS FOR TRAVEL AND TOURISM,عطلات المسافر للسفر والسياحة,عطلات المسافر للسفر والسياحة,خدمات الأعمال,,False,15,4.47,1161,0,1,1
6058,51Talk,فايف ون توك,فايف ون توك,التعليم,,False,13,4.46,331118,0,1,1
6059,Swart,اساور سوارت,اساور سوارت,ازياء,,False,13,4.46,181845,0,1,1
6060,Rvenstore,متجر ريفن ستورر,متجر ريفن ستورر,خدمات الأعمال,,False,33,4.45,261323,0,1,1
6061,aczurex,اي سي زيوركس,اي سي زيوركس,السيارات,,False,18,4.44,218309,0,1,1
6062,Ziyadh Store,متجر زيادة للتسويق الإلكتروني,متجر زيادة للتسويق الإلكتروني,خدمات الأعمال,,False,16,4.44,249060,0,1,2
6063,ghalialathman,غالي الأثمان ,غالي الأثمان ,خدمات الأعمال,,False,16,4.44,118366,0,1,1
6064,AswaqCom,اسواق,اسواق,خدمات الأعمال,,False,16,4.44,40005,0,1,1
6067,Zahrat MazayaAlotor,شركة زهرة مزايا العطور لتجارة الجملة والتجزئة,شركة زهرة مزايا العطور لتجارة الجملة والتجزئة,خدمات الأعمال,,False,14,4.43,227268,0,1,1
6085,Lordstr,متجر اللورد ,متجر اللورد ,خدمات الأعمال,,False,325,4.42,235951,0,1,2
6086,kumra,خمرة للعبايات,خمرة للعبايات,الجمال والصحة,,False,60,4.42,250262,0,1,1
6087,Serdab Abaya,عبايات سرداب,عبايات سرداب,الجمال والصحة,,False,507,4.4,214933,0,1,1
6088,joharshi,جوهرتش ,جوهرتش ,الجمال والصحة,,False,20,4.4,213105,0,1,1
6089,Cvrn0,مصممة سيرة ذاتية و دعوات إلكترونية ,مصممة سيرة ذاتية و دعوات إلكترونية ,التعليم,,False,10,4.4,192402,0,1,2
6092,Sylens store,متجر سايلنس,متجر سايلنس,منتجات رقمية,خدمات رقمية,False,26,4.38,262163,0,1,2
6093,Shadowdesign,شدو ديزاين,شدو ديزاين,خدمات الأعمال,,False,13,4.38,190044,0,1,2
6094,KHIDMTKALAYNA,منصة خدمتك علينا,منصة خدمتك علينا,خدمات الأعمال,,False,13,4.38,127832,0,1,2
6095,Fa Brands,متجر فاء الف,متجر فاء الف,خدمات الأعمال,,False,13,4.38,119235,0,1,1
6098,panda tube,متجر باندا تيوب,متجر باندا تيوب,خدمات الأعمال,,False,44,4.36,279087,0,1,2
6099,XBCARDS,إكس بي كاردز,إكس بي كاردز,خدمات الأعمال,,False,44,4.36,71516,0,1,2
6100,darbplatform,مؤسسة درب الطريق التجارية,مؤسسة درب الطريق التجارية,التعليم,,False,25,4.36,289735,0,1,1
6101,Saudi deck,سعودي ديك,سعودي ديك,خدمات الأعمال,,False,11,4.36,259228,0,1,1
6102,Ekuep,إكويب,إكويب,خدمات الأعمال,,False,38,4.34,7698,0,1,1
6103,LuxuryAvenue,لكجرى افينيو,لكجرى افينيو,هدايا,,False,55,4.33,1739,0,1,1
6104,curtain roll,كارتن رول,كارتن رول,المنزل,,False,43,4.33,40866,0,1,1
6105,PUBG Accounts Store  M S,متجر  ام اس,متجر  ام اس,خدمات الأعمال,,False,15,4.33,193195,0,1,2
6106,SABBAR,صبار,صبار,خدمات الأعمال,,False,12,4.33,62196,0,1,1
6107,Salt n Lamp,ملح و مصباح,ملح و مصباح,المنزل,,False,12,4.33,1566,0,1,1
6137,DRIVEX,درايف اكس,درايف اكس,السيارات,,False,25,4.32,167775,0,1,1
6138,Melen Bedding,مفارش ميلين,مفارش ميلين,المنزل,,False,25,4.32,107942,0,1,1
6139,GhiarCO,غياركو,غياركو,إلكترونيات,,False,22,4.32,95423,0,1,2
6140,NORA STORE,نوره ستور,نوره ستور,خدمات الأعمال,,False,29,4.31,242990,0,1,2
6141, Batonia,با تونيا,با تونيا,ازياء,,False,13,4.31,218536,0,1,1
6142,Rimastore,ريما ستور,ريما ستور,خدمات الأعمال,,False,40,4.3,164422,0,1,1
6143,tonh shop,تونه شوب,تونه شوب,منتجات رقمية,الالعاب الالكترونية,False,10,4.3,285442,0,1,2
6144,5rbz,خربز,خربز,منتجات رقمية,,False,35,4.29,206764,0,1,1
6145,Fashi0n point,فاشن بوينت,فاشن بوينت,الجمال والصحة,,False,21,4.29,20704,0,1,1
6146,3shek store online,متجر عشق اون لاين ,متجر عشق اون لاين ,خدمات الأعمال,,False,17,4.29,198237,0,1,2
6152,Efficiency For marketing and advertising,متجر كفاءة للتسويق,متجر كفاءة للتسويق,خدمات الأعمال,,False,15,4.27,156005,0,1,1
6153,NJOUDST,نجد ستوريككك,نجد ستوريككك,خدمات الأعمال,,False,11,4.27,340675,0,1,1
6154,GeeB Store,جي بي ستور,جي بي ستور,خدمات الأعمال,,False,11,4.27,89937,0,1,2
6155,haraerstore,عبايات حرائر,عبايات حرائر,الجمال والصحة,,False,19,4.26,243577,0,1,1
6156,RIYADH JOY,افراح العاصمه,افراح العاصمه,حفلات,,False,12,4.25,24510,0,1,1
6159,alriyf alnajdiu,الريف النجدي ,الريف النجدي ,أطعمة ومشروبات,,False,132,4.23,190162,0,1,1
6160,Mulhemah abayat,عباءات ملهمة ,عباءات ملهمة ,الجمال والصحة,,False,57,4.23,264831,0,1,1
6161,Vanusfashion,فانوس فاشون,فانوس فاشون,الجمال والصحة,,False,74,4.22,218456,0,1,1
6163,ALFHDI STORE,متجر الفهدي,متجر الفهدي,خدمات الأعمال,,False,195,4.2,149682,0,1,2
6164,ZKAZ,متجر زكاز ,متجر زكاز ,خدمات الأعمال,,False,10,4.2,311791,0,1,2
6165,AMYAL STORE,متجر أميال,متجر أميال,خدمات الأعمال,,False,10,4.2,246636,0,1,1
6166,Aothaq Auto Part Store,متجر اوثق لقطع غيار السيارات,متجر اوثق لقطع غيار السيارات,السيارات,,False,10,4.2,244419,0,1,2
6167,Digital Activate,التنشيط الرقمي,التنشيط الرقمي,خدمات الأعمال,,False,10,4.2,191290,0,1,1
6168,necklace for gold,متجر نكلس للذهب,متجر نكلس للذهب,ازياء,,False,10,4.2,120890,0,1,1
6169,Proteink for Supplements,بروتينك لتجارة المكملات الغذائية,بروتينك لتجارة المكملات الغذائية,أطعمة ومشروبات,,False,10,4.2,115826,0,1,1
6170,krabet store,متجر خرابيط,متجر خرابيط,المنزل,,False,10,4.2,95535,0,1,1
6203,top style,توب ستايل,توب ستايل,السيارات,,False,12,4.18,45821,0,1,1
6204,,مؤسسة وسطاء التشليح التجارية,مؤسسة وسطاء التشليح التجارية,السيارات,,False,11,4.18,62487,0,1,1
6205,PARIS AVENUES,باريس أفنيوز,باريس أفنيوز,خدمات الأعمال,,False,11,4.18,45645,0,1,1
6206,Aleef shop,متجر أليف,متجر أليف,المنزل,مستلزمات حيوانات أليفه,False,23,4.17,819,0,1,1
6213,powerstore,متجر باور ستور,متجر باور ستور,إلكترونيات,,False,95,4.14,12375,0,1,1
6214,ATEQ ALANFAS,عتيق الانفاس,عتيق الانفاس,خدمات الأعمال,,False,37,4.14,148144,0,1,1
6215,perfum lovers,متجر عشاق العطور,متجر عشاق العطور,خدمات الأعمال,,False,29,4.14,17390,0,1,1
6216,Red Rabbit Store,متجر الأرنب الأحمر,متجر الأرنب الأحمر,خدمات الأعمال,,False,14,4.14,160,0,1,1
6219,mesh fashion,مصممة الأزياء السعودية مشاعل المهداوي,مصممة الأزياء السعودية مشاعل المهداوي,الجمال والصحة,,False,32,4.13,12093,0,1,1
6221,Snowhite,سنوايت,سنوايت,خدمات الأعمال,,False,35,4.11,64883,0,1,1
6225,,لدن للعود,لدن للعود,خدمات الأعمال,,False,10,4.1,268716,0,1,1
6226,MY SPACE,ماي سبيس,ماي سبيس,خدمات الأعمال,,False,11,4.09,715,0,1,1
6227,ABDULLAH ESTNBOLI photographer,المصور عبدالله اسطنبولي,المصور عبدالله اسطنبولي,خدمات الأعمال,,False,11,4.09,464,0,1,2
6228,U R Queen Online Store,متجر أنتي ملكة,متجر أنتي ملكة,الجمال والصحة,,False,11,4.09,64,0,1,1
6229,PvP,بي في بي,بي في بي,إلكترونيات,,False,27,4.07,133250,0,1,1
6230,Failet Accessori,فايلت ,فايلت ,إلكترونيات,,False,19,4.05,105302,0,1,1
6231,IFF,التجهيزات المبتكرة,التجهيزات المبتكرة,خدمات الأعمال,,False,24,4.0,15010,0,1,1
6232,Alhabib Bedding,مفارش الحبيب,مفارش الحبيب,المنزل,,False,16,4.0,250,0,1,1
6233,The Modern Desert Company,شركة الصحراء الحديثة التجارية,شركة الصحراء الحديثة التجارية,إلكترونيات,,False,15,4.0,151935,0,1,1
6234,3li shop,علي شوب,علي شوب,منتجات رقمية,بطايق رقمية ,False,12,4.0,283141,0,1,2
6235,Gmra,العنايه بالبشره,العنايه بالبشره,الجمال والصحة,,False,12,4.0,268805,0,1,2
6386,moments for fragrance,لحظات للعطور الاصلية ,لحظات للعطور الاصلية ,الجمال والصحة,,False,54,3.98,132830,0,1,1
6387,D7H K STORE,دحك ستور,دحك ستور,إلكترونيات,منصة وساطه والعرض الحسابات,False,37,3.97,289331,0,1,2
6388,ALOYAYRI BEDDING,مفارش العييري,مفارش العييري,المنزل,,False,38,3.95,95447,0,1,1
6389,angella,آنجيلا,آنجيلا,الجمال والصحة,,False,19,3.95,251977,0,1,1
6390,Next Pluss,نيكست ستور بلس,نيكست ستور بلس,خدمات الأعمال,,False,16,3.94,228683,0,1,2
6391,Styli shop,ستايلي شوب,ستايلي شوب,ازياء,,False,26,3.92,137282,0,1,1
6392,rainbowshop,رينبو شوب,رينبو شوب,الجمال والصحة,,False,26,3.92,1746,0,1,2
6393,Tasawk,تسوق,تسوق,خدمات الأعمال,,False,18,3.89,30220,0,1,1
6406,RK Abaya,ار كي عبايه,ار كي عبايه,الجمال والصحة,,False,10,3.8,259202,0,1,2
6408,Markatwaw,ماركات واو ,ماركات واو ,خدمات الأعمال,,False,30,3.79,70930,0,1,1
6409,Glossy,قلوسي,قلوسي,أطعمة ومشروبات,,False,19,3.79,56,0,1,1
6410,Sync Store,مؤسسة المتجر المتزامن,مؤسسة المتجر المتزامن,إلكترونيات,,False,44,3.77,298,0,1,1
6411,Purple Store,المتجر البنفسجي,المتجر البنفسجي,خدمات الأعمال,,False,35,3.77,180006,0,1,2
6412,Abayah7,عبايات تخرج 7,عبايات تخرج 7,ازياء,عبايات تخرج,False,13,3.77,258666,0,1,2
6413,packages dox,باقة دوكس,باقة دوكس,السيارات,,False,13,3.77,209489,0,1,1
6414,Prime TEC ,متجر برايم تك,متجر برايم تك,خدمات الأعمال,,False,13,3.77,135152,0,1,2
6415,Ravella,رافيلا,رافيلا,الجمال والصحة,,False,12,3.75,61006,0,1,1
6423,Alwahaj for cars,معرض الوهاج للسيارات,معرض الوهاج للسيارات,السيارات,,False,13,3.69,67,0,1,1
6424,abadystore,متجر عبادي الخليج,متجر عبادي الخليج,خدمات الأعمال,,False,52,3.67,78826,0,1,1
6425,Dash Cam Pro,داش كام برو,داش كام برو,إلكترونيات,,False,12,3.67,121103,0,1,1
6499,Alymama Brand,ماركة اليمامة,ماركة اليمامة,ازياء,,False,11,3.64,2205,0,1,1
6500,ACTAN for fashion,اكتان للازياء,اكتان للازياء,الجمال والصحة,,False,32,3.63,227535,0,1,1
10385,Floward for flowers and gifting ,فلاورد للورود والهدايا,فلاورد للورود والهدايا,هدايا,,False,28,0.96,119591,0,1,1
13902,Furniture and entertainment and computer games,الاثاث والترفيه والعاب الكمبيوتر ,الاثاث والترفيه والعاب الكمبيوتر ,خدمات الأعمال,,False,375,4.99,235942,0,1,1
13903,Tahani shopper,تهاني شوبر ,تهاني شوبر ,خدمات الأعمال,,False,159,4.99,156278,0,1,2
13904,Natsu Shop,ناتسو,ناتسو,خدمات الأعمال,,False,136,4.99,47596,0,1,2
13905,the premiumdates,متجر نخبة التمور,متجر نخبة التمور,أطعمة ومشروبات,,False,135,4.99,145217,0,1,1
13906,Albatool M Algarni establishment for TRADe,مؤسسةالبتول محمد القرني للتجارة والتسويق,مؤسسةالبتول محمد القرني للتجارة والتسويق,خدمات الأعمال,وساطة,False,117,4.99,78433,0,1,1
13907,Lobo,متحر لوبو,متحر لوبو,إلكترونيات,,False,110,4.99,91668,0,1,1
13908,UMC Store,يو ام سي للخدمات الالكترونية,يو ام سي للخدمات الالكترونية,خدمات الأعمال,,False,100,4.99,259534,0,1,2
13909,vip pro market,المتجر الاحترافي,المتجر الاحترافي,إلكترونيات,,False,83,4.99,305986,0,1,1
13910,Abaya Trading Est,مؤسسة عباية التجارية,مؤسسة عباية التجارية,الجمال والصحة,,False,80,4.99,133016,0,1,1
13911,Simple Shop1,سمبل شوب,سمبل شوب,خدمات الأعمال,,False,75,4.99,40314,0,1,1
13912,Osos Education,أسس الخبراء التعليمية,أسس الخبراء التعليمية,التعليم,,False,67,4.99,1854,0,1,1
13913,Mernar Store,متجر ميرنار ,متجر ميرنار ,خدمات الأعمال,,False,1167,4.98,15908,0,1,2
13914,safa Online shopping,صفاء وسيطة تسوق,صفاء وسيطة تسوق,خدمات الأعمال,,False,279,4.98,55142,0,1,2
13915,Electronic services and designs,خدمات الكترونيه وتصاميم,خدمات الكترونيه وتصاميم,خدمات الأعمال,,False,257,4.98,200629,0,1,1
13916,Shopperbrands,متسوق شخصي لماركات عالمية,متسوق شخصي لماركات عالمية,خدمات الأعمال,,False,200,4.98,120765,0,1,1
13917,rand shop4,رسائل خالدة,رسائل خالدة,حفلات,,False,140,4.98,107642,0,1,2
13918,Aq0xa store,متجر اكوكسا ,متجر اكوكسا ,إلكترونيات,,False,127,4.98,193003,0,1,2
13919,LAS MORE Roastery,لاس مور,لاس مور,خدمات الأعمال,,False,106,4.98,210994,0,1,1
13920,TURIQ ALNAJM,طرق النجم,طرق النجم,خدمات الأعمال,,False,103,4.98,213663,0,1,1
13921,Sara store7,سارة ستور 7,سارة ستور 7,الجمال والصحة,,False,103,4.98,143832,0,1,2
13922,Designing and selling websites and computer progra,تصميم و بيع مواقع الانترنت و برامج الحاسب الالي,تصميم و بيع مواقع الانترنت و برامج الحاسب الالي,خدمات الأعمال,,False,102,4.98,226101,0,1,2
13923,MCM Consultancy ,مكتب أم سي أم للاستشارات الإدارية,مكتب أم سي أم للاستشارات الإدارية,خدمات الأعمال,,False,102,4.98,175551,0,1,2
13924,shopping and delivery ,تسوق وتوصيل,تسوق وتوصيل,خدمات الأعمال,تسوق وتوصيل,False,94,4.98,141006,0,1,2
13925,Amon shop,وسيطة مواقع و اوتلت امون شوب ,وسيطة مواقع و اوتلت امون شوب ,خدمات الأعمال,,False,61,4.98,113809,0,1,2
13926,crimson store,وسيطة تسوق قرمزي,وسيطة تسوق قرمزي,الجمال والصحة,,False,58,4.98,159675,0,1,2
13927,Geem Store,متجر جيم,متجر جيم,خدمات الأعمال,,False,54,4.98,73687,0,1,1
13928,,كشف ستور,كشف ستور,خدمات الأعمال,,False,53,4.98,79508,0,1,1
13929,,منصه تداول بذكاء,منصه تداول بذكاء,خدمات الأعمال,,False,46,4.98,245771,0,1,1
13930,GoShop3,قو شوب,قو شوب,خدمات الأعمال,,False,46,4.98,95991,0,1,2
13931,M E M,ميم لخدمات التصميم,ميم لخدمات التصميم,خدمات الأعمال,,False,45,4.98,79618,0,1,2
13932,MAMAs ALCHEMY,تركيبة ماما,تركيبة ماما,الجمال والصحة,,False,44,4.98,38241,0,1,1
13933,Rozzar,روزار,روزار,حفلات,,False,40,4.98,133491,0,1,2
13934,Hala cart for digital cards,متجر حلا كارت للبطاقات ,متجر حلا كارت للبطاقات ,خدمات الأعمال,,False,1813,4.97,48246,0,1,1
13935,KOORAPLANET, متجر كورة بلانت, متجر كورة بلانت,إلكترونيات,,False,1186,4.97,216993,0,1,1
13936,Albylasan us shop,البيلسان يو اس شوب ,البيلسان يو اس شوب ,الجمال والصحة,,False,585,4.97,86675,0,1,1
13937,ALMOTARJIM AL HADITH PHOTOCOPYING EST,المترجم الحديث  ترجمه طباعه تصوير خدمات الكترونية,المترجم الحديث  ترجمه طباعه تصوير خدمات الكترونية,خدمات الأعمال,,False,388,4.97,212567,0,1,1
13938,Retail sale of motorcycles and spare parts,البيع بالجملة والتجزئة للدراجات النارية وقطع غياره,البيع بالجملة والتجزئة للدراجات النارية وقطع غياره,السيارات,,False,377,4.97,235945,0,1,1
13939,glamourbeauty,جلامور بيوتي,جلامور بيوتي,خدمات الأعمال,,False,371,4.97,1491,0,1,1
13940,Code Pro,كود برو,كود برو,خدمات الأعمال,,False,308,4.97,117172,0,1,1
13941,Sara tray,ساره تراي,ساره تراي,المنزل,,False,299,4.97,3114,0,1,2
13942, Shop with MUN,تسوق مع مون,تسوق مع مون,خدمات الأعمال,وسيطة الكترونية,False,153,4.97,63165,0,1,2
13943,Us outlet10,يو اس اوتلت ١٠,يو اس اوتلت ١٠,الجمال والصحة,,False,130,4.97,62596,0,1,1
13944,Sahelha Office for General Services,مكتب سهلها للخدمات العامة,مكتب سهلها للخدمات العامة,خدمات الأعمال,,False,126,4.97,191467,0,1,1
13945,MediForms,مدفورمز,مدفورمز,الجمال والصحة,,False,126,4.97,11742,0,1,1
13946,ibtesam inspiration ,ابتسام انسبايريشن ,ابتسام انسبايريشن ,خدمات الأعمال,,False,115,4.97,57099,0,1,2
13947,bena2 for feasibility studies,بناء لدراسات الجدوى الاقتصادية,بناء لدراسات الجدوى الاقتصادية,خدمات الأعمال,خدمات دراسات الجدوي والاستشارات الاقتصادية,False,114,4.97,53608,0,1,1
13948,MAATHER SHOPPER ,المتسوقة مآثر,المتسوقة مآثر,هدايا,,False,105,4.97,168551,0,1,2
13949,Mauimore,ماوي مور ,ماوي مور ,الجمال والصحة,,False,72,4.97,117782,0,1,2
13950,Ladybags1,ليدي باقز,ليدي باقز,الجمال والصحة,,False,71,4.97,51157,0,1,1
13951,boutique opal,بوتيك أوبال,بوتيك أوبال,الجمال والصحة,,False,70,4.97,51333,0,1,1
13952,Tmiiz22,تميز للارقام المميزة,تميز للارقام المميزة,إلكترونيات,,False,65,4.97,148938,0,1,2
13953,4sellshop,متجر فورسيل,متجر فورسيل,إلكترونيات,,False,63,4.97,21068,0,1,1
13954,Deseert,ديزرت,ديزرت,أطعمة ومشروبات,,False,59,4.97,19811,0,1,1
13955,Rico Cat,ريكو كات,ريكو كات,خدمات الأعمال,,False,39,4.97,108462,0,1,2
13956,shatha Bakor,شذى بكر,شذى بكر,خدمات الأعمال,,False,39,4.97,25056,0,1,2
13957,est enjez ya monjez for mediation ,مؤسسة انجز يا منجز للوساطة,مؤسسة انجز يا منجز للوساطة,خدمات الأعمال,,False,36,4.97,139374,0,1,1
13958,film rent,فيلمرنت,فيلمرنت,خدمات الأعمال,,False,36,4.97,67159,0,1,1
13959,WatchClub,نادي الساعات و النظارات,نادي الساعات و النظارات,خدمات الأعمال,,False,35,4.97,245908,0,1,2
13960,AlOtaibi Electronic Services,العتيبي للخدمات الالكترونية,العتيبي للخدمات الالكترونية,خدمات الأعمال,خدمات الكترونية,False,35,4.97,217718,0,1,1
13961,Hawilin Kamilin,حولين كاملين,حولين كاملين,الجمال والصحة,,False,35,4.97,42583,0,1,1
13962,My Designs,تصاميمي,تصاميمي,خدمات الأعمال,,False,34,4.97,15862,0,1,2
13963,Lenses and filters,عدسات و فلاتر,عدسات و فلاتر,خدمات الأعمال,,False,33,4.97,141703,0,1,2
13964,dressshad,ازياء شاد,ازياء شاد,الجمال والصحة,,False,33,4.97,135995,0,1,2
13965,Basket Memah,باسكت ميمه,باسكت ميمه,أطعمة ومشروبات,,False,33,4.97,121498,0,1,1
13966,M j,م وج تسوق ,م وج تسوق ,خدمات الأعمال,,False,32,4.97,118328,0,1,2
13967,Farah QRcode,فرح باركود دعوة,فرح باركود دعوة,حفلات,,False,31,4.97,129696,0,1,1
13968,,شركة هدايا طيبة المحدودة,شركة هدايا طيبة المحدودة,هدايا,,False,31,4.97,115848,0,1,1
13969,,مؤسسة الجهاز الرقمية للتجارة,مؤسسة الجهاز الرقمية للتجارة,منتجات رقمية,,False,30,4.97,21055,0,1,1
13970,MyHotels,فنادقي,فنادقي,خدمات الأعمال,,False,29,4.97,8454,0,1,1
13971,O N Store ,متجر او ان ,متجر او ان ,خدمات الأعمال,,False,1204,4.96,257509,0,1,2
13972,Store Bader,بدر لبيع الأرقام المميزة,بدر لبيع الأرقام المميزة,إلكترونيات,,False,368,4.96,27327,0,1,2
13973,Adorableshoppers,أدوربل تسوق,أدوربل تسوق,ازياء,,False,167,4.96,84757,0,1,1
13974,TWINGS,اغصان,اغصان,خدمات الأعمال,,False,153,4.96,116999,0,1,2
13975,kady 3080,كادي ستور,كادي ستور,خدمات الأعمال,,False,132,4.96,65665,0,1,1
13976,Hj store ,متجر حسين الإلكتروني ,متجر حسين الإلكتروني ,خدمات الأعمال,,False,108,4.96,209761,0,1,1
13977,enjazthiqa,إنجاز ثقه للخدمات العامه,إنجاز ثقه للخدمات العامه,خدمات الأعمال,,False,107,4.96,257842,0,1,1
13978,Mashrueuk Platform,منصة مشروعك,منصة مشروعك,خدمات الأعمال,,False,101,4.96,244044,0,1,1
13979,AwalTec,التقنيات الأولى,التقنيات الأولى,خدمات الأعمال,,False,101,4.96,198179,0,1,2
13980,Designed themes and stickers,مصممة ثيمات واستكرات,مصممة ثيمات واستكرات,خدمات الأعمال,,False,99,4.96,110838,0,1,2
13981,Nove shopping medium,اويا اونلاين ,اويا اونلاين ,خدمات الأعمال,,False,67,4.96,115353,0,1,2
13982,,متجر أرقام مميزة,متجر أرقام مميزة,خدمات الأعمال,,False,57,4.96,179067,0,1,1
13983,flam rare,مؤسسة الشعلة النادرة التجارية,مؤسسة الشعلة النادرة التجارية,ولاعات,,False,55,4.96,88089,0,1,1
13984,DAIEM STORE,متجر داعم1,متجر داعم1,خدمات الأعمال,,False,52,4.96,277496,0,1,2
13985,Hekayt noon,حكاية نون,حكاية نون,خدمات الأعمال,,False,51,4.96,12218,0,1,1
13986,FitNeeds,احتياجات اللياقة,احتياجات اللياقة,إلكترونيات,,False,50,4.96,27286,0,1,1
13987, Professional  CV,سيرة ذاتية احترافية انفوجرافيك,سيرة ذاتية احترافية انفوجرافيك,خدمات الأعمال,,False,47,4.96,132008,0,1,2
13988,My Orders,طلباتي لمستحضرات التجميل,طلباتي لمستحضرات التجميل,الجمال والصحة,,False,46,4.96,40437,0,1,1
13989,zohoor,خدمات اكترونيه عامه,خدمات اكترونيه عامه,خدمات الأعمال,,False,28,4.96,90862,0,1,2
13990,Electronic services 88,فرح لحجوزات العمرة والروضة وخدمات الكترونية,فرح لحجوزات العمرة والروضة وخدمات الكترونية,خدمات الأعمال,,False,27,4.96,124309,0,1,2
13991,Mskat Deem,مسكات ديم,مسكات ديم,حفلات,,False,26,4.96,174740,0,1,1
13992, Home laser devices,أجهزة ليزر منزلية ,أجهزة ليزر منزلية ,خدمات الأعمال,,False,26,4.96,124868,0,1,2
13993,waleed Riyadh Gift Store,متجر وليد هدايا الرياض ,متجر وليد هدايا الرياض ,هدايا,,False,25,4.96,178482,0,1,2
13994,Lena store,متجر لينا,متجر لينا,خدمات الأعمال,,False,25,4.96,90021,0,1,2
13995,vintage boutique11,بوتييك فنتج,بوتييك فنتج,هدايا,,False,23,4.96,233361,0,1,1
13996,REEDOO,ريدو ,ريدو ,حفلات,,False,23,4.96,218592,0,1,1
13997,Mama Muna,ماما منى لتمرية,ماما منى لتمرية,أطعمة ومشروبات,,False,23,4.96,199956,0,1,2
13998,,مؤسسة ريادة الإبداع للتجارة ,مؤسسة ريادة الإبداع للتجارة ,المنزل,,False,23,4.96,170709,0,1,1
13999,L K,لطيفه العنزي ادخال البيانات ,لطيفه العنزي ادخال البيانات ,خدمات الأعمال,,False,23,4.96,88771,0,1,2
14000,Tuliip Store,متجر تولييب,متجر تولييب,خدمات الأعمال,,False,656,4.95,44461,0,1,2
